Emotion,Emotion intensity,Gender,Path,Emotion_Category,Reduced_Emotion
neutral,normal,male,ravdess-emotional-speech-audio/Actor_01\03-02-01-01-01-01-01.wav,neutral,0
neutral,normal,male,ravdess-emotional-speech-audio/Actor_01\03-02-01-01-01-02-01.wav,neutral,0
neutral,normal,male,ravdess-emotional-speech-audio/Actor_01\03-02-01-01-02-01-01.wav,neutral,0
neutral,normal,male,ravdess-emotional-speech-audio/Actor_01\03-02-01-01-02-02-01.wav,neutral,0
calm,normal,male,ravdess-emotional-speech-audio/Actor_01\03-02-02-01-01-01-01.wav,positif,2
calm,normal,male,ravdess-emotional-speech-audio/Actor_01\03-02-02-01-01-02-01.wav,positif,2
calm,normal,male,ravdess-emotional-speech-audio/Actor_01\03-02-02-01-02-01-01.wav,positif,2
calm,normal,male,ravdess-emotional-speech-audio/Actor_01\03-02-02-01-02-02-01.wav,positif,2
calm,strong,male,ravdess-emotional-speech-audio/Actor_01\03-02-02-02-01-01-01.wav,positif,2
calm,strong,male,ravdess-emotional-speech-audio/Actor_01\03-02-02-02-01-02-01.wav,positif,2
calm,strong,male,ravdess-emotional-speech-audio/Actor_01\03-02-02-02-02-01-01.wav,positif,2
calm,strong,male,ravdess-emotional-speech-audio/Actor_01\03-02-02-02-02-02-01.wav,positif,2
happy,normal,male,ravdess-emotional-speech-audio/Actor_01\03-02-03-01-01-01-01.wav,positif,2
happy,normal,male,ravdess-emotional-speech-audio/Actor_01\03-02-03-01-01-02-01.wav,positif,2
happy,normal,male,ravdess-emotional-speech-audio/Actor_01\03-02-03-01-02-01-01.wav,positif,2
happy,normal,male,ravdess-emotional-speech-audio/Actor_01\03-02-03-01-02-02-01.wav,positif,2
happy,strong,male,ravdess-emotional-speech-audio/Actor_01\03-02-03-02-01-01-01.wav,positif,2
happy,strong,male,ravdess-emotional-speech-audio/Actor_01\03-02-03-02-01-02-01.wav,positif,2
happy,strong,male,ravdess-emotional-speech-audio/Actor_01\03-02-03-02-02-01-01.wav,positif,2
happy,strong,male,ravdess-emotional-speech-audio/Actor_01\03-02-03-02-02-02-01.wav,positif,2
sad,normal,male,ravdess-emotional-speech-audio/Actor_01\03-02-04-01-01-01-01.wav,negatif,1
sad,normal,male,ravdess-emotional-speech-audio/Actor_01\03-02-04-01-01-02-01.wav,negatif,1
sad,normal,male,ravdess-emotional-speech-audio/Actor_01\03-02-04-01-02-01-01.wav,negatif,1
sad,normal,male,ravdess-emotional-speech-audio/Actor_01\03-02-04-01-02-02-01.wav,negatif,1
sad,strong,male,ravdess-emotional-speech-audio/Actor_01\03-02-04-02-01-01-01.wav,negatif,1
sad,strong,male,ravdess-emotional-speech-audio/Actor_01\03-02-04-02-01-02-01.wav,negatif,1
sad,strong,male,ravdess-emotional-speech-audio/Actor_01\03-02-04-02-02-01-01.wav,negatif,1
sad,strong,male,ravdess-emotional-speech-audio/Actor_01\03-02-04-02-02-02-01.wav,negatif,1
angry,normal,male,ravdess-emotional-speech-audio/Actor_01\03-02-05-01-01-01-01.wav,negatif,1
angry,normal,male,ravdess-emotional-speech-audio/Actor_01\03-02-05-01-01-02-01.wav,negatif,1
angry,normal,male,ravdess-emotional-speech-audio/Actor_01\03-02-05-01-02-01-01.wav,negatif,1
angry,normal,male,ravdess-emotional-speech-audio/Actor_01\03-02-05-01-02-02-01.wav,negatif,1
angry,strong,male,ravdess-emotional-speech-audio/Actor_01\03-02-05-02-01-01-01.wav,negatif,1
angry,strong,male,ravdess-emotional-speech-audio/Actor_01\03-02-05-02-01-02-01.wav,negatif,1
angry,strong,male,ravdess-emotional-speech-audio/Actor_01\03-02-05-02-02-01-01.wav,negatif,1
angry,strong,male,ravdess-emotional-speech-audio/Actor_01\03-02-05-02-02-02-01.wav,negatif,1
fear,normal,male,ravdess-emotional-speech-audio/Actor_01\03-02-06-01-01-01-01.wav,negatif,1
fear,normal,male,ravdess-emotional-speech-audio/Actor_01\03-02-06-01-01-02-01.wav,negatif,1
fear,normal,male,ravdess-emotional-speech-audio/Actor_01\03-02-06-01-02-01-01.wav,negatif,1
fear,normal,male,ravdess-emotional-speech-audio/Actor_01\03-02-06-01-02-02-01.wav,negatif,1
fear,strong,male,ravdess-emotional-speech-audio/Actor_01\03-02-06-02-01-01-01.wav,negatif,1
fear,strong,male,ravdess-emotional-speech-audio/Actor_01\03-02-06-02-01-02-01.wav,negatif,1
fear,strong,male,ravdess-emotional-speech-audio/Actor_01\03-02-06-02-02-01-01.wav,negatif,1
fear,strong,male,ravdess-emotional-speech-audio/Actor_01\03-02-06-02-02-02-01.wav,negatif,1
neutral,normal,female,ravdess-emotional-speech-audio/Actor_02\03-02-01-01-01-01-02.wav,neutral,0
neutral,normal,female,ravdess-emotional-speech-audio/Actor_02\03-02-01-01-01-02-02.wav,neutral,0
neutral,normal,female,ravdess-emotional-speech-audio/Actor_02\03-02-01-01-02-01-02.wav,neutral,0
neutral,normal,female,ravdess-emotional-speech-audio/Actor_02\03-02-01-01-02-02-02.wav,neutral,0
calm,normal,female,ravdess-emotional-speech-audio/Actor_02\03-02-02-01-01-01-02.wav,positif,2
calm,normal,female,ravdess-emotional-speech-audio/Actor_02\03-02-02-01-01-02-02.wav,positif,2
calm,normal,female,ravdess-emotional-speech-audio/Actor_02\03-02-02-01-02-01-02.wav,positif,2
calm,normal,female,ravdess-emotional-speech-audio/Actor_02\03-02-02-01-02-02-02.wav,positif,2
calm,strong,female,ravdess-emotional-speech-audio/Actor_02\03-02-02-02-01-01-02.wav,positif,2
calm,strong,female,ravdess-emotional-speech-audio/Actor_02\03-02-02-02-01-02-02.wav,positif,2
calm,strong,female,ravdess-emotional-speech-audio/Actor_02\03-02-02-02-02-01-02.wav,positif,2
calm,strong,female,ravdess-emotional-speech-audio/Actor_02\03-02-02-02-02-02-02.wav,positif,2
happy,normal,female,ravdess-emotional-speech-audio/Actor_02\03-02-03-01-01-01-02.wav,positif,2
happy,normal,female,ravdess-emotional-speech-audio/Actor_02\03-02-03-01-01-02-02.wav,positif,2
happy,normal,female,ravdess-emotional-speech-audio/Actor_02\03-02-03-01-02-01-02.wav,positif,2
happy,normal,female,ravdess-emotional-speech-audio/Actor_02\03-02-03-01-02-02-02.wav,positif,2
happy,strong,female,ravdess-emotional-speech-audio/Actor_02\03-02-03-02-01-01-02.wav,positif,2
happy,strong,female,ravdess-emotional-speech-audio/Actor_02\03-02-03-02-01-02-02.wav,positif,2
happy,strong,female,ravdess-emotional-speech-audio/Actor_02\03-02-03-02-02-01-02.wav,positif,2
happy,strong,female,ravdess-emotional-speech-audio/Actor_02\03-02-03-02-02-02-02.wav,positif,2
sad,normal,female,ravdess-emotional-speech-audio/Actor_02\03-02-04-01-01-01-02.wav,negatif,1
sad,normal,female,ravdess-emotional-speech-audio/Actor_02\03-02-04-01-01-02-02.wav,negatif,1
sad,normal,female,ravdess-emotional-speech-audio/Actor_02\03-02-04-01-02-01-02.wav,negatif,1
sad,normal,female,ravdess-emotional-speech-audio/Actor_02\03-02-04-01-02-02-02.wav,negatif,1
sad,strong,female,ravdess-emotional-speech-audio/Actor_02\03-02-04-02-01-01-02.wav,negatif,1
sad,strong,female,ravdess-emotional-speech-audio/Actor_02\03-02-04-02-01-02-02.wav,negatif,1
sad,strong,female,ravdess-emotional-speech-audio/Actor_02\03-02-04-02-02-01-02.wav,negatif,1
sad,strong,female,ravdess-emotional-speech-audio/Actor_02\03-02-04-02-02-02-02.wav,negatif,1
angry,normal,female,ravdess-emotional-speech-audio/Actor_02\03-02-05-01-01-01-02.wav,negatif,1
angry,normal,female,ravdess-emotional-speech-audio/Actor_02\03-02-05-01-01-02-02.wav,negatif,1
angry,normal,female,ravdess-emotional-speech-audio/Actor_02\03-02-05-01-02-01-02.wav,negatif,1
angry,normal,female,ravdess-emotional-speech-audio/Actor_02\03-02-05-01-02-02-02.wav,negatif,1
angry,strong,female,ravdess-emotional-speech-audio/Actor_02\03-02-05-02-01-01-02.wav,negatif,1
angry,strong,female,ravdess-emotional-speech-audio/Actor_02\03-02-05-02-01-02-02.wav,negatif,1
angry,strong,female,ravdess-emotional-speech-audio/Actor_02\03-02-05-02-02-01-02.wav,negatif,1
angry,strong,female,ravdess-emotional-speech-audio/Actor_02\03-02-05-02-02-02-02.wav,negatif,1
fear,normal,female,ravdess-emotional-speech-audio/Actor_02\03-02-06-01-01-01-02.wav,negatif,1
fear,normal,female,ravdess-emotional-speech-audio/Actor_02\03-02-06-01-01-02-02.wav,negatif,1
fear,normal,female,ravdess-emotional-speech-audio/Actor_02\03-02-06-01-02-01-02.wav,negatif,1
fear,normal,female,ravdess-emotional-speech-audio/Actor_02\03-02-06-01-02-02-02.wav,negatif,1
fear,strong,female,ravdess-emotional-speech-audio/Actor_02\03-02-06-02-01-01-02.wav,negatif,1
fear,strong,female,ravdess-emotional-speech-audio/Actor_02\03-02-06-02-01-02-02.wav,negatif,1
fear,strong,female,ravdess-emotional-speech-audio/Actor_02\03-02-06-02-02-01-02.wav,negatif,1
fear,strong,female,ravdess-emotional-speech-audio/Actor_02\03-02-06-02-02-02-02.wav,negatif,1
neutral,normal,male,ravdess-emotional-speech-audio/Actor_03\03-02-01-01-01-01-03.wav,neutral,0
neutral,normal,male,ravdess-emotional-speech-audio/Actor_03\03-02-01-01-01-02-03.wav,neutral,0
neutral,normal,male,ravdess-emotional-speech-audio/Actor_03\03-02-01-01-02-01-03.wav,neutral,0
neutral,normal,male,ravdess-emotional-speech-audio/Actor_03\03-02-01-01-02-02-03.wav,neutral,0
calm,normal,male,ravdess-emotional-speech-audio/Actor_03\03-02-02-01-01-01-03.wav,positif,2
calm,normal,male,ravdess-emotional-speech-audio/Actor_03\03-02-02-01-01-02-03.wav,positif,2
calm,normal,male,ravdess-emotional-speech-audio/Actor_03\03-02-02-01-02-01-03.wav,positif,2
calm,normal,male,ravdess-emotional-speech-audio/Actor_03\03-02-02-01-02-02-03.wav,positif,2
calm,strong,male,ravdess-emotional-speech-audio/Actor_03\03-02-02-02-01-01-03.wav,positif,2
calm,strong,male,ravdess-emotional-speech-audio/Actor_03\03-02-02-02-01-02-03.wav,positif,2
calm,strong,male,ravdess-emotional-speech-audio/Actor_03\03-02-02-02-02-01-03.wav,positif,2
calm,strong,male,ravdess-emotional-speech-audio/Actor_03\03-02-02-02-02-02-03.wav,positif,2
happy,normal,male,ravdess-emotional-speech-audio/Actor_03\03-02-03-01-01-01-03.wav,positif,2
happy,normal,male,ravdess-emotional-speech-audio/Actor_03\03-02-03-01-01-02-03.wav,positif,2
happy,normal,male,ravdess-emotional-speech-audio/Actor_03\03-02-03-01-02-01-03.wav,positif,2
happy,normal,male,ravdess-emotional-speech-audio/Actor_03\03-02-03-01-02-02-03.wav,positif,2
happy,strong,male,ravdess-emotional-speech-audio/Actor_03\03-02-03-02-01-01-03.wav,positif,2
happy,strong,male,ravdess-emotional-speech-audio/Actor_03\03-02-03-02-01-02-03.wav,positif,2
happy,strong,male,ravdess-emotional-speech-audio/Actor_03\03-02-03-02-02-01-03.wav,positif,2
happy,strong,male,ravdess-emotional-speech-audio/Actor_03\03-02-03-02-02-02-03.wav,positif,2
sad,normal,male,ravdess-emotional-speech-audio/Actor_03\03-02-04-01-01-01-03.wav,negatif,1
sad,normal,male,ravdess-emotional-speech-audio/Actor_03\03-02-04-01-01-02-03.wav,negatif,1
sad,normal,male,ravdess-emotional-speech-audio/Actor_03\03-02-04-01-02-01-03.wav,negatif,1
sad,normal,male,ravdess-emotional-speech-audio/Actor_03\03-02-04-01-02-02-03.wav,negatif,1
sad,strong,male,ravdess-emotional-speech-audio/Actor_03\03-02-04-02-01-01-03.wav,negatif,1
sad,strong,male,ravdess-emotional-speech-audio/Actor_03\03-02-04-02-01-02-03.wav,negatif,1
sad,strong,male,ravdess-emotional-speech-audio/Actor_03\03-02-04-02-02-01-03.wav,negatif,1
sad,strong,male,ravdess-emotional-speech-audio/Actor_03\03-02-04-02-02-02-03.wav,negatif,1
angry,normal,male,ravdess-emotional-speech-audio/Actor_03\03-02-05-01-01-01-03.wav,negatif,1
angry,normal,male,ravdess-emotional-speech-audio/Actor_03\03-02-05-01-01-02-03.wav,negatif,1
angry,normal,male,ravdess-emotional-speech-audio/Actor_03\03-02-05-01-02-01-03.wav,negatif,1
angry,normal,male,ravdess-emotional-speech-audio/Actor_03\03-02-05-01-02-02-03.wav,negatif,1
angry,strong,male,ravdess-emotional-speech-audio/Actor_03\03-02-05-02-01-01-03.wav,negatif,1
angry,strong,male,ravdess-emotional-speech-audio/Actor_03\03-02-05-02-01-02-03.wav,negatif,1
angry,strong,male,ravdess-emotional-speech-audio/Actor_03\03-02-05-02-02-01-03.wav,negatif,1
angry,strong,male,ravdess-emotional-speech-audio/Actor_03\03-02-05-02-02-02-03.wav,negatif,1
fear,normal,male,ravdess-emotional-speech-audio/Actor_03\03-02-06-01-01-01-03.wav,negatif,1
fear,normal,male,ravdess-emotional-speech-audio/Actor_03\03-02-06-01-01-02-03.wav,negatif,1
fear,normal,male,ravdess-emotional-speech-audio/Actor_03\03-02-06-01-02-01-03.wav,negatif,1
fear,normal,male,ravdess-emotional-speech-audio/Actor_03\03-02-06-01-02-02-03.wav,negatif,1
fear,strong,male,ravdess-emotional-speech-audio/Actor_03\03-02-06-02-01-01-03.wav,negatif,1
fear,strong,male,ravdess-emotional-speech-audio/Actor_03\03-02-06-02-01-02-03.wav,negatif,1
fear,strong,male,ravdess-emotional-speech-audio/Actor_03\03-02-06-02-02-01-03.wav,negatif,1
fear,strong,male,ravdess-emotional-speech-audio/Actor_03\03-02-06-02-02-02-03.wav,negatif,1
neutral,normal,female,ravdess-emotional-speech-audio/Actor_04\03-02-01-01-01-01-04.wav,neutral,0
neutral,normal,female,ravdess-emotional-speech-audio/Actor_04\03-02-01-01-01-02-04.wav,neutral,0
neutral,normal,female,ravdess-emotional-speech-audio/Actor_04\03-02-01-01-02-01-04.wav,neutral,0
neutral,normal,female,ravdess-emotional-speech-audio/Actor_04\03-02-01-01-02-02-04.wav,neutral,0
calm,normal,female,ravdess-emotional-speech-audio/Actor_04\03-02-02-01-01-01-04.wav,positif,2
calm,normal,female,ravdess-emotional-speech-audio/Actor_04\03-02-02-01-01-02-04.wav,positif,2
calm,normal,female,ravdess-emotional-speech-audio/Actor_04\03-02-02-01-02-01-04.wav,positif,2
calm,normal,female,ravdess-emotional-speech-audio/Actor_04\03-02-02-01-02-02-04.wav,positif,2
calm,strong,female,ravdess-emotional-speech-audio/Actor_04\03-02-02-02-01-01-04.wav,positif,2
calm,strong,female,ravdess-emotional-speech-audio/Actor_04\03-02-02-02-01-02-04.wav,positif,2
calm,strong,female,ravdess-emotional-speech-audio/Actor_04\03-02-02-02-02-01-04.wav,positif,2
calm,strong,female,ravdess-emotional-speech-audio/Actor_04\03-02-02-02-02-02-04.wav,positif,2
happy,normal,female,ravdess-emotional-speech-audio/Actor_04\03-02-03-01-01-01-04.wav,positif,2
happy,normal,female,ravdess-emotional-speech-audio/Actor_04\03-02-03-01-01-02-04.wav,positif,2
happy,normal,female,ravdess-emotional-speech-audio/Actor_04\03-02-03-01-02-01-04.wav,positif,2
happy,normal,female,ravdess-emotional-speech-audio/Actor_04\03-02-03-01-02-02-04.wav,positif,2
happy,strong,female,ravdess-emotional-speech-audio/Actor_04\03-02-03-02-01-01-04.wav,positif,2
happy,strong,female,ravdess-emotional-speech-audio/Actor_04\03-02-03-02-01-02-04.wav,positif,2
happy,strong,female,ravdess-emotional-speech-audio/Actor_04\03-02-03-02-02-01-04.wav,positif,2
happy,strong,female,ravdess-emotional-speech-audio/Actor_04\03-02-03-02-02-02-04.wav,positif,2
sad,normal,female,ravdess-emotional-speech-audio/Actor_04\03-02-04-01-01-01-04.wav,negatif,1
sad,normal,female,ravdess-emotional-speech-audio/Actor_04\03-02-04-01-01-02-04.wav,negatif,1
sad,normal,female,ravdess-emotional-speech-audio/Actor_04\03-02-04-01-02-01-04.wav,negatif,1
sad,normal,female,ravdess-emotional-speech-audio/Actor_04\03-02-04-01-02-02-04.wav,negatif,1
sad,strong,female,ravdess-emotional-speech-audio/Actor_04\03-02-04-02-01-01-04.wav,negatif,1
sad,strong,female,ravdess-emotional-speech-audio/Actor_04\03-02-04-02-01-02-04.wav,negatif,1
sad,strong,female,ravdess-emotional-speech-audio/Actor_04\03-02-04-02-02-01-04.wav,negatif,1
sad,strong,female,ravdess-emotional-speech-audio/Actor_04\03-02-04-02-02-02-04.wav,negatif,1
angry,normal,female,ravdess-emotional-speech-audio/Actor_04\03-02-05-01-01-01-04.wav,negatif,1
angry,normal,female,ravdess-emotional-speech-audio/Actor_04\03-02-05-01-01-02-04.wav,negatif,1
angry,normal,female,ravdess-emotional-speech-audio/Actor_04\03-02-05-01-02-01-04.wav,negatif,1
angry,normal,female,ravdess-emotional-speech-audio/Actor_04\03-02-05-01-02-02-04.wav,negatif,1
angry,strong,female,ravdess-emotional-speech-audio/Actor_04\03-02-05-02-01-01-04.wav,negatif,1
angry,strong,female,ravdess-emotional-speech-audio/Actor_04\03-02-05-02-01-02-04.wav,negatif,1
angry,strong,female,ravdess-emotional-speech-audio/Actor_04\03-02-05-02-02-01-04.wav,negatif,1
angry,strong,female,ravdess-emotional-speech-audio/Actor_04\03-02-05-02-02-02-04.wav,negatif,1
fear,normal,female,ravdess-emotional-speech-audio/Actor_04\03-02-06-01-01-01-04.wav,negatif,1
fear,normal,female,ravdess-emotional-speech-audio/Actor_04\03-02-06-01-01-02-04.wav,negatif,1
fear,normal,female,ravdess-emotional-speech-audio/Actor_04\03-02-06-01-02-01-04.wav,negatif,1
fear,normal,female,ravdess-emotional-speech-audio/Actor_04\03-02-06-01-02-02-04.wav,negatif,1
fear,strong,female,ravdess-emotional-speech-audio/Actor_04\03-02-06-02-01-01-04.wav,negatif,1
fear,strong,female,ravdess-emotional-speech-audio/Actor_04\03-02-06-02-01-02-04.wav,negatif,1
fear,strong,female,ravdess-emotional-speech-audio/Actor_04\03-02-06-02-02-01-04.wav,negatif,1
fear,strong,female,ravdess-emotional-speech-audio/Actor_04\03-02-06-02-02-02-04.wav,negatif,1
neutral,normal,male,ravdess-emotional-speech-audio/Actor_05\03-02-01-01-01-01-05.wav,neutral,0
neutral,normal,male,ravdess-emotional-speech-audio/Actor_05\03-02-01-01-01-02-05.wav,neutral,0
neutral,normal,male,ravdess-emotional-speech-audio/Actor_05\03-02-01-01-02-01-05.wav,neutral,0
neutral,normal,male,ravdess-emotional-speech-audio/Actor_05\03-02-01-01-02-02-05.wav,neutral,0
calm,normal,male,ravdess-emotional-speech-audio/Actor_05\03-02-02-01-01-01-05.wav,positif,2
calm,normal,male,ravdess-emotional-speech-audio/Actor_05\03-02-02-01-01-02-05.wav,positif,2
calm,normal,male,ravdess-emotional-speech-audio/Actor_05\03-02-02-01-02-01-05.wav,positif,2
calm,normal,male,ravdess-emotional-speech-audio/Actor_05\03-02-02-01-02-02-05.wav,positif,2
calm,strong,male,ravdess-emotional-speech-audio/Actor_05\03-02-02-02-01-01-05.wav,positif,2
calm,strong,male,ravdess-emotional-speech-audio/Actor_05\03-02-02-02-01-02-05.wav,positif,2
calm,strong,male,ravdess-emotional-speech-audio/Actor_05\03-02-02-02-02-01-05.wav,positif,2
calm,strong,male,ravdess-emotional-speech-audio/Actor_05\03-02-02-02-02-02-05.wav,positif,2
happy,normal,male,ravdess-emotional-speech-audio/Actor_05\03-02-03-01-01-01-05.wav,positif,2
happy,normal,male,ravdess-emotional-speech-audio/Actor_05\03-02-03-01-01-02-05.wav,positif,2
happy,normal,male,ravdess-emotional-speech-audio/Actor_05\03-02-03-01-02-01-05.wav,positif,2
happy,normal,male,ravdess-emotional-speech-audio/Actor_05\03-02-03-01-02-02-05.wav,positif,2
happy,strong,male,ravdess-emotional-speech-audio/Actor_05\03-02-03-02-01-01-05.wav,positif,2
happy,strong,male,ravdess-emotional-speech-audio/Actor_05\03-02-03-02-01-02-05.wav,positif,2
happy,strong,male,ravdess-emotional-speech-audio/Actor_05\03-02-03-02-02-01-05.wav,positif,2
happy,strong,male,ravdess-emotional-speech-audio/Actor_05\03-02-03-02-02-02-05.wav,positif,2
sad,normal,male,ravdess-emotional-speech-audio/Actor_05\03-02-04-01-01-01-05.wav,negatif,1
sad,normal,male,ravdess-emotional-speech-audio/Actor_05\03-02-04-01-01-02-05.wav,negatif,1
sad,normal,male,ravdess-emotional-speech-audio/Actor_05\03-02-04-01-02-01-05.wav,negatif,1
sad,normal,male,ravdess-emotional-speech-audio/Actor_05\03-02-04-01-02-02-05.wav,negatif,1
sad,strong,male,ravdess-emotional-speech-audio/Actor_05\03-02-04-02-01-01-05.wav,negatif,1
sad,strong,male,ravdess-emotional-speech-audio/Actor_05\03-02-04-02-01-02-05.wav,negatif,1
sad,strong,male,ravdess-emotional-speech-audio/Actor_05\03-02-04-02-02-01-05.wav,negatif,1
sad,strong,male,ravdess-emotional-speech-audio/Actor_05\03-02-04-02-02-02-05.wav,negatif,1
angry,normal,male,ravdess-emotional-speech-audio/Actor_05\03-02-05-01-01-01-05.wav,negatif,1
angry,normal,male,ravdess-emotional-speech-audio/Actor_05\03-02-05-01-01-02-05.wav,negatif,1
angry,normal,male,ravdess-emotional-speech-audio/Actor_05\03-02-05-01-02-01-05.wav,negatif,1
angry,normal,male,ravdess-emotional-speech-audio/Actor_05\03-02-05-01-02-02-05.wav,negatif,1
angry,strong,male,ravdess-emotional-speech-audio/Actor_05\03-02-05-02-01-01-05.wav,negatif,1
angry,strong,male,ravdess-emotional-speech-audio/Actor_05\03-02-05-02-01-02-05.wav,negatif,1
angry,strong,male,ravdess-emotional-speech-audio/Actor_05\03-02-05-02-02-01-05.wav,negatif,1
angry,strong,male,ravdess-emotional-speech-audio/Actor_05\03-02-05-02-02-02-05.wav,negatif,1
fear,normal,male,ravdess-emotional-speech-audio/Actor_05\03-02-06-01-01-01-05.wav,negatif,1
fear,normal,male,ravdess-emotional-speech-audio/Actor_05\03-02-06-01-01-02-05.wav,negatif,1
fear,normal,male,ravdess-emotional-speech-audio/Actor_05\03-02-06-01-02-01-05.wav,negatif,1
fear,normal,male,ravdess-emotional-speech-audio/Actor_05\03-02-06-01-02-02-05.wav,negatif,1
fear,strong,male,ravdess-emotional-speech-audio/Actor_05\03-02-06-02-01-01-05.wav,negatif,1
fear,strong,male,ravdess-emotional-speech-audio/Actor_05\03-02-06-02-01-02-05.wav,negatif,1
fear,strong,male,ravdess-emotional-speech-audio/Actor_05\03-02-06-02-02-01-05.wav,negatif,1
fear,strong,male,ravdess-emotional-speech-audio/Actor_05\03-02-06-02-02-02-05.wav,negatif,1
neutral,normal,female,ravdess-emotional-speech-audio/Actor_06\03-02-01-01-01-01-06.wav,neutral,0
neutral,normal,female,ravdess-emotional-speech-audio/Actor_06\03-02-01-01-01-02-06.wav,neutral,0
neutral,normal,female,ravdess-emotional-speech-audio/Actor_06\03-02-01-01-02-01-06.wav,neutral,0
neutral,normal,female,ravdess-emotional-speech-audio/Actor_06\03-02-01-01-02-02-06.wav,neutral,0
calm,normal,female,ravdess-emotional-speech-audio/Actor_06\03-02-02-01-01-01-06.wav,positif,2
calm,normal,female,ravdess-emotional-speech-audio/Actor_06\03-02-02-01-01-02-06.wav,positif,2
calm,normal,female,ravdess-emotional-speech-audio/Actor_06\03-02-02-01-02-01-06.wav,positif,2
calm,normal,female,ravdess-emotional-speech-audio/Actor_06\03-02-02-01-02-02-06.wav,positif,2
calm,strong,female,ravdess-emotional-speech-audio/Actor_06\03-02-02-02-01-01-06.wav,positif,2
calm,strong,female,ravdess-emotional-speech-audio/Actor_06\03-02-02-02-01-02-06.wav,positif,2
calm,strong,female,ravdess-emotional-speech-audio/Actor_06\03-02-02-02-02-01-06.wav,positif,2
calm,strong,female,ravdess-emotional-speech-audio/Actor_06\03-02-02-02-02-02-06.wav,positif,2
happy,normal,female,ravdess-emotional-speech-audio/Actor_06\03-02-03-01-01-01-06.wav,positif,2
happy,normal,female,ravdess-emotional-speech-audio/Actor_06\03-02-03-01-01-02-06.wav,positif,2
happy,normal,female,ravdess-emotional-speech-audio/Actor_06\03-02-03-01-02-01-06.wav,positif,2
happy,normal,female,ravdess-emotional-speech-audio/Actor_06\03-02-03-01-02-02-06.wav,positif,2
happy,strong,female,ravdess-emotional-speech-audio/Actor_06\03-02-03-02-01-01-06.wav,positif,2
happy,strong,female,ravdess-emotional-speech-audio/Actor_06\03-02-03-02-01-02-06.wav,positif,2
happy,strong,female,ravdess-emotional-speech-audio/Actor_06\03-02-03-02-02-01-06.wav,positif,2
happy,strong,female,ravdess-emotional-speech-audio/Actor_06\03-02-03-02-02-02-06.wav,positif,2
sad,normal,female,ravdess-emotional-speech-audio/Actor_06\03-02-04-01-01-01-06.wav,negatif,1
sad,normal,female,ravdess-emotional-speech-audio/Actor_06\03-02-04-01-01-02-06.wav,negatif,1
sad,normal,female,ravdess-emotional-speech-audio/Actor_06\03-02-04-01-02-01-06.wav,negatif,1
sad,normal,female,ravdess-emotional-speech-audio/Actor_06\03-02-04-01-02-02-06.wav,negatif,1
sad,strong,female,ravdess-emotional-speech-audio/Actor_06\03-02-04-02-01-01-06.wav,negatif,1
sad,strong,female,ravdess-emotional-speech-audio/Actor_06\03-02-04-02-01-02-06.wav,negatif,1
sad,strong,female,ravdess-emotional-speech-audio/Actor_06\03-02-04-02-02-01-06.wav,negatif,1
sad,strong,female,ravdess-emotional-speech-audio/Actor_06\03-02-04-02-02-02-06.wav,negatif,1
angry,normal,female,ravdess-emotional-speech-audio/Actor_06\03-02-05-01-01-01-06.wav,negatif,1
angry,normal,female,ravdess-emotional-speech-audio/Actor_06\03-02-05-01-01-02-06.wav,negatif,1
angry,normal,female,ravdess-emotional-speech-audio/Actor_06\03-02-05-01-02-01-06.wav,negatif,1
angry,normal,female,ravdess-emotional-speech-audio/Actor_06\03-02-05-01-02-02-06.wav,negatif,1
angry,strong,female,ravdess-emotional-speech-audio/Actor_06\03-02-05-02-01-01-06.wav,negatif,1
angry,strong,female,ravdess-emotional-speech-audio/Actor_06\03-02-05-02-01-02-06.wav,negatif,1
angry,strong,female,ravdess-emotional-speech-audio/Actor_06\03-02-05-02-02-01-06.wav,negatif,1
angry,strong,female,ravdess-emotional-speech-audio/Actor_06\03-02-05-02-02-02-06.wav,negatif,1
fear,normal,female,ravdess-emotional-speech-audio/Actor_06\03-02-06-01-01-01-06.wav,negatif,1
fear,normal,female,ravdess-emotional-speech-audio/Actor_06\03-02-06-01-01-02-06.wav,negatif,1
fear,normal,female,ravdess-emotional-speech-audio/Actor_06\03-02-06-01-02-01-06.wav,negatif,1
fear,normal,female,ravdess-emotional-speech-audio/Actor_06\03-02-06-01-02-02-06.wav,negatif,1
fear,strong,female,ravdess-emotional-speech-audio/Actor_06\03-02-06-02-01-01-06.wav,negatif,1
fear,strong,female,ravdess-emotional-speech-audio/Actor_06\03-02-06-02-01-02-06.wav,negatif,1
fear,strong,female,ravdess-emotional-speech-audio/Actor_06\03-02-06-02-02-01-06.wav,negatif,1
fear,strong,female,ravdess-emotional-speech-audio/Actor_06\03-02-06-02-02-02-06.wav,negatif,1
neutral,normal,male,ravdess-emotional-speech-audio/Actor_07\03-02-01-01-01-01-07.wav,neutral,0
neutral,normal,male,ravdess-emotional-speech-audio/Actor_07\03-02-01-01-01-02-07.wav,neutral,0
neutral,normal,male,ravdess-emotional-speech-audio/Actor_07\03-02-01-01-02-01-07.wav,neutral,0
neutral,normal,male,ravdess-emotional-speech-audio/Actor_07\03-02-01-01-02-02-07.wav,neutral,0
calm,normal,male,ravdess-emotional-speech-audio/Actor_07\03-02-02-01-01-01-07.wav,positif,2
calm,normal,male,ravdess-emotional-speech-audio/Actor_07\03-02-02-01-01-02-07.wav,positif,2
calm,normal,male,ravdess-emotional-speech-audio/Actor_07\03-02-02-01-02-01-07.wav,positif,2
calm,normal,male,ravdess-emotional-speech-audio/Actor_07\03-02-02-01-02-02-07.wav,positif,2
calm,strong,male,ravdess-emotional-speech-audio/Actor_07\03-02-02-02-01-01-07.wav,positif,2
calm,strong,male,ravdess-emotional-speech-audio/Actor_07\03-02-02-02-01-02-07.wav,positif,2
calm,strong,male,ravdess-emotional-speech-audio/Actor_07\03-02-02-02-02-01-07.wav,positif,2
calm,strong,male,ravdess-emotional-speech-audio/Actor_07\03-02-02-02-02-02-07.wav,positif,2
happy,normal,male,ravdess-emotional-speech-audio/Actor_07\03-02-03-01-01-01-07.wav,positif,2
happy,normal,male,ravdess-emotional-speech-audio/Actor_07\03-02-03-01-01-02-07.wav,positif,2
happy,normal,male,ravdess-emotional-speech-audio/Actor_07\03-02-03-01-02-01-07.wav,positif,2
happy,normal,male,ravdess-emotional-speech-audio/Actor_07\03-02-03-01-02-02-07.wav,positif,2
happy,strong,male,ravdess-emotional-speech-audio/Actor_07\03-02-03-02-01-01-07.wav,positif,2
happy,strong,male,ravdess-emotional-speech-audio/Actor_07\03-02-03-02-01-02-07.wav,positif,2
happy,strong,male,ravdess-emotional-speech-audio/Actor_07\03-02-03-02-02-01-07.wav,positif,2
happy,strong,male,ravdess-emotional-speech-audio/Actor_07\03-02-03-02-02-02-07.wav,positif,2
sad,normal,male,ravdess-emotional-speech-audio/Actor_07\03-02-04-01-01-01-07.wav,negatif,1
sad,normal,male,ravdess-emotional-speech-audio/Actor_07\03-02-04-01-01-02-07.wav,negatif,1
sad,normal,male,ravdess-emotional-speech-audio/Actor_07\03-02-04-01-02-01-07.wav,negatif,1
sad,normal,male,ravdess-emotional-speech-audio/Actor_07\03-02-04-01-02-02-07.wav,negatif,1
sad,strong,male,ravdess-emotional-speech-audio/Actor_07\03-02-04-02-01-01-07.wav,negatif,1
sad,strong,male,ravdess-emotional-speech-audio/Actor_07\03-02-04-02-01-02-07.wav,negatif,1
sad,strong,male,ravdess-emotional-speech-audio/Actor_07\03-02-04-02-02-01-07.wav,negatif,1
sad,strong,male,ravdess-emotional-speech-audio/Actor_07\03-02-04-02-02-02-07.wav,negatif,1
angry,normal,male,ravdess-emotional-speech-audio/Actor_07\03-02-05-01-01-01-07.wav,negatif,1
angry,normal,male,ravdess-emotional-speech-audio/Actor_07\03-02-05-01-01-02-07.wav,negatif,1
angry,normal,male,ravdess-emotional-speech-audio/Actor_07\03-02-05-01-02-01-07.wav,negatif,1
angry,normal,male,ravdess-emotional-speech-audio/Actor_07\03-02-05-01-02-02-07.wav,negatif,1
angry,strong,male,ravdess-emotional-speech-audio/Actor_07\03-02-05-02-01-01-07.wav,negatif,1
angry,strong,male,ravdess-emotional-speech-audio/Actor_07\03-02-05-02-01-02-07.wav,negatif,1
angry,strong,male,ravdess-emotional-speech-audio/Actor_07\03-02-05-02-02-01-07.wav,negatif,1
angry,strong,male,ravdess-emotional-speech-audio/Actor_07\03-02-05-02-02-02-07.wav,negatif,1
fear,normal,male,ravdess-emotional-speech-audio/Actor_07\03-02-06-01-01-01-07.wav,negatif,1
fear,normal,male,ravdess-emotional-speech-audio/Actor_07\03-02-06-01-01-02-07.wav,negatif,1
fear,normal,male,ravdess-emotional-speech-audio/Actor_07\03-02-06-01-02-01-07.wav,negatif,1
fear,normal,male,ravdess-emotional-speech-audio/Actor_07\03-02-06-01-02-02-07.wav,negatif,1
fear,strong,male,ravdess-emotional-speech-audio/Actor_07\03-02-06-02-01-01-07.wav,negatif,1
fear,strong,male,ravdess-emotional-speech-audio/Actor_07\03-02-06-02-01-02-07.wav,negatif,1
fear,strong,male,ravdess-emotional-speech-audio/Actor_07\03-02-06-02-02-01-07.wav,negatif,1
fear,strong,male,ravdess-emotional-speech-audio/Actor_07\03-02-06-02-02-02-07.wav,negatif,1
neutral,normal,female,ravdess-emotional-speech-audio/Actor_08\03-02-01-01-01-01-08.wav,neutral,0
neutral,normal,female,ravdess-emotional-speech-audio/Actor_08\03-02-01-01-01-02-08.wav,neutral,0
neutral,normal,female,ravdess-emotional-speech-audio/Actor_08\03-02-01-01-02-01-08.wav,neutral,0
neutral,normal,female,ravdess-emotional-speech-audio/Actor_08\03-02-01-01-02-02-08.wav,neutral,0
calm,normal,female,ravdess-emotional-speech-audio/Actor_08\03-02-02-01-01-01-08.wav,positif,2
calm,normal,female,ravdess-emotional-speech-audio/Actor_08\03-02-02-01-01-02-08.wav,positif,2
calm,normal,female,ravdess-emotional-speech-audio/Actor_08\03-02-02-01-02-01-08.wav,positif,2
calm,normal,female,ravdess-emotional-speech-audio/Actor_08\03-02-02-01-02-02-08.wav,positif,2
calm,strong,female,ravdess-emotional-speech-audio/Actor_08\03-02-02-02-01-01-08.wav,positif,2
calm,strong,female,ravdess-emotional-speech-audio/Actor_08\03-02-02-02-01-02-08.wav,positif,2
calm,strong,female,ravdess-emotional-speech-audio/Actor_08\03-02-02-02-02-01-08.wav,positif,2
calm,strong,female,ravdess-emotional-speech-audio/Actor_08\03-02-02-02-02-02-08.wav,positif,2
happy,normal,female,ravdess-emotional-speech-audio/Actor_08\03-02-03-01-01-01-08.wav,positif,2
happy,normal,female,ravdess-emotional-speech-audio/Actor_08\03-02-03-01-01-02-08.wav,positif,2
happy,normal,female,ravdess-emotional-speech-audio/Actor_08\03-02-03-01-02-01-08.wav,positif,2
happy,normal,female,ravdess-emotional-speech-audio/Actor_08\03-02-03-01-02-02-08.wav,positif,2
happy,strong,female,ravdess-emotional-speech-audio/Actor_08\03-02-03-02-01-01-08.wav,positif,2
happy,strong,female,ravdess-emotional-speech-audio/Actor_08\03-02-03-02-01-02-08.wav,positif,2
happy,strong,female,ravdess-emotional-speech-audio/Actor_08\03-02-03-02-02-01-08.wav,positif,2
happy,strong,female,ravdess-emotional-speech-audio/Actor_08\03-02-03-02-02-02-08.wav,positif,2
sad,normal,female,ravdess-emotional-speech-audio/Actor_08\03-02-04-01-01-01-08.wav,negatif,1
sad,normal,female,ravdess-emotional-speech-audio/Actor_08\03-02-04-01-01-02-08.wav,negatif,1
sad,normal,female,ravdess-emotional-speech-audio/Actor_08\03-02-04-01-02-01-08.wav,negatif,1
sad,normal,female,ravdess-emotional-speech-audio/Actor_08\03-02-04-01-02-02-08.wav,negatif,1
sad,strong,female,ravdess-emotional-speech-audio/Actor_08\03-02-04-02-01-01-08.wav,negatif,1
sad,strong,female,ravdess-emotional-speech-audio/Actor_08\03-02-04-02-01-02-08.wav,negatif,1
sad,strong,female,ravdess-emotional-speech-audio/Actor_08\03-02-04-02-02-01-08.wav,negatif,1
sad,strong,female,ravdess-emotional-speech-audio/Actor_08\03-02-04-02-02-02-08.wav,negatif,1
angry,normal,female,ravdess-emotional-speech-audio/Actor_08\03-02-05-01-01-01-08.wav,negatif,1
angry,normal,female,ravdess-emotional-speech-audio/Actor_08\03-02-05-01-01-02-08.wav,negatif,1
angry,normal,female,ravdess-emotional-speech-audio/Actor_08\03-02-05-01-02-01-08.wav,negatif,1
angry,normal,female,ravdess-emotional-speech-audio/Actor_08\03-02-05-01-02-02-08.wav,negatif,1
angry,strong,female,ravdess-emotional-speech-audio/Actor_08\03-02-05-02-01-01-08.wav,negatif,1
angry,strong,female,ravdess-emotional-speech-audio/Actor_08\03-02-05-02-01-02-08.wav,negatif,1
angry,strong,female,ravdess-emotional-speech-audio/Actor_08\03-02-05-02-02-01-08.wav,negatif,1
angry,strong,female,ravdess-emotional-speech-audio/Actor_08\03-02-05-02-02-02-08.wav,negatif,1
fear,normal,female,ravdess-emotional-speech-audio/Actor_08\03-02-06-01-01-01-08.wav,negatif,1
fear,normal,female,ravdess-emotional-speech-audio/Actor_08\03-02-06-01-01-02-08.wav,negatif,1
fear,normal,female,ravdess-emotional-speech-audio/Actor_08\03-02-06-01-02-01-08.wav,negatif,1
fear,normal,female,ravdess-emotional-speech-audio/Actor_08\03-02-06-01-02-02-08.wav,negatif,1
fear,strong,female,ravdess-emotional-speech-audio/Actor_08\03-02-06-02-01-01-08.wav,negatif,1
fear,strong,female,ravdess-emotional-speech-audio/Actor_08\03-02-06-02-01-02-08.wav,negatif,1
fear,strong,female,ravdess-emotional-speech-audio/Actor_08\03-02-06-02-02-01-08.wav,negatif,1
fear,strong,female,ravdess-emotional-speech-audio/Actor_08\03-02-06-02-02-02-08.wav,negatif,1
neutral,normal,male,ravdess-emotional-speech-audio/Actor_09\03-02-01-01-01-01-09.wav,neutral,0
neutral,normal,male,ravdess-emotional-speech-audio/Actor_09\03-02-01-01-01-02-09.wav,neutral,0
neutral,normal,male,ravdess-emotional-speech-audio/Actor_09\03-02-01-01-02-01-09.wav,neutral,0
neutral,normal,male,ravdess-emotional-speech-audio/Actor_09\03-02-01-01-02-02-09.wav,neutral,0
calm,normal,male,ravdess-emotional-speech-audio/Actor_09\03-02-02-01-01-01-09.wav,positif,2
calm,normal,male,ravdess-emotional-speech-audio/Actor_09\03-02-02-01-01-02-09.wav,positif,2
calm,normal,male,ravdess-emotional-speech-audio/Actor_09\03-02-02-01-02-01-09.wav,positif,2
calm,normal,male,ravdess-emotional-speech-audio/Actor_09\03-02-02-01-02-02-09.wav,positif,2
calm,strong,male,ravdess-emotional-speech-audio/Actor_09\03-02-02-02-01-01-09.wav,positif,2
calm,strong,male,ravdess-emotional-speech-audio/Actor_09\03-02-02-02-01-02-09.wav,positif,2
calm,strong,male,ravdess-emotional-speech-audio/Actor_09\03-02-02-02-02-01-09.wav,positif,2
calm,strong,male,ravdess-emotional-speech-audio/Actor_09\03-02-02-02-02-02-09.wav,positif,2
happy,normal,male,ravdess-emotional-speech-audio/Actor_09\03-02-03-01-01-01-09.wav,positif,2
happy,normal,male,ravdess-emotional-speech-audio/Actor_09\03-02-03-01-01-02-09.wav,positif,2
happy,normal,male,ravdess-emotional-speech-audio/Actor_09\03-02-03-01-02-01-09.wav,positif,2
happy,normal,male,ravdess-emotional-speech-audio/Actor_09\03-02-03-01-02-02-09.wav,positif,2
happy,strong,male,ravdess-emotional-speech-audio/Actor_09\03-02-03-02-01-01-09.wav,positif,2
happy,strong,male,ravdess-emotional-speech-audio/Actor_09\03-02-03-02-01-02-09.wav,positif,2
happy,strong,male,ravdess-emotional-speech-audio/Actor_09\03-02-03-02-02-01-09.wav,positif,2
happy,strong,male,ravdess-emotional-speech-audio/Actor_09\03-02-03-02-02-02-09.wav,positif,2
sad,normal,male,ravdess-emotional-speech-audio/Actor_09\03-02-04-01-01-01-09.wav,negatif,1
sad,normal,male,ravdess-emotional-speech-audio/Actor_09\03-02-04-01-01-02-09.wav,negatif,1
sad,normal,male,ravdess-emotional-speech-audio/Actor_09\03-02-04-01-02-01-09.wav,negatif,1
sad,normal,male,ravdess-emotional-speech-audio/Actor_09\03-02-04-01-02-02-09.wav,negatif,1
sad,strong,male,ravdess-emotional-speech-audio/Actor_09\03-02-04-02-01-01-09.wav,negatif,1
sad,strong,male,ravdess-emotional-speech-audio/Actor_09\03-02-04-02-01-02-09.wav,negatif,1
sad,strong,male,ravdess-emotional-speech-audio/Actor_09\03-02-04-02-02-01-09.wav,negatif,1
sad,strong,male,ravdess-emotional-speech-audio/Actor_09\03-02-04-02-02-02-09.wav,negatif,1
angry,normal,male,ravdess-emotional-speech-audio/Actor_09\03-02-05-01-01-01-09.wav,negatif,1
angry,normal,male,ravdess-emotional-speech-audio/Actor_09\03-02-05-01-01-02-09.wav,negatif,1
angry,normal,male,ravdess-emotional-speech-audio/Actor_09\03-02-05-01-02-01-09.wav,negatif,1
angry,normal,male,ravdess-emotional-speech-audio/Actor_09\03-02-05-01-02-02-09.wav,negatif,1
angry,strong,male,ravdess-emotional-speech-audio/Actor_09\03-02-05-02-01-01-09.wav,negatif,1
angry,strong,male,ravdess-emotional-speech-audio/Actor_09\03-02-05-02-01-02-09.wav,negatif,1
angry,strong,male,ravdess-emotional-speech-audio/Actor_09\03-02-05-02-02-01-09.wav,negatif,1
angry,strong,male,ravdess-emotional-speech-audio/Actor_09\03-02-05-02-02-02-09.wav,negatif,1
fear,normal,male,ravdess-emotional-speech-audio/Actor_09\03-02-06-01-01-01-09.wav,negatif,1
fear,normal,male,ravdess-emotional-speech-audio/Actor_09\03-02-06-01-01-02-09.wav,negatif,1
fear,normal,male,ravdess-emotional-speech-audio/Actor_09\03-02-06-01-02-01-09.wav,negatif,1
fear,normal,male,ravdess-emotional-speech-audio/Actor_09\03-02-06-01-02-02-09.wav,negatif,1
fear,strong,male,ravdess-emotional-speech-audio/Actor_09\03-02-06-02-01-01-09.wav,negatif,1
fear,strong,male,ravdess-emotional-speech-audio/Actor_09\03-02-06-02-01-02-09.wav,negatif,1
fear,strong,male,ravdess-emotional-speech-audio/Actor_09\03-02-06-02-02-01-09.wav,negatif,1
fear,strong,male,ravdess-emotional-speech-audio/Actor_09\03-02-06-02-02-02-09.wav,negatif,1
neutral,normal,female,ravdess-emotional-speech-audio/Actor_10\03-02-01-01-01-01-10.wav,neutral,0
neutral,normal,female,ravdess-emotional-speech-audio/Actor_10\03-02-01-01-01-02-10.wav,neutral,0
neutral,normal,female,ravdess-emotional-speech-audio/Actor_10\03-02-01-01-02-01-10.wav,neutral,0
neutral,normal,female,ravdess-emotional-speech-audio/Actor_10\03-02-01-01-02-02-10.wav,neutral,0
calm,normal,female,ravdess-emotional-speech-audio/Actor_10\03-02-02-01-01-01-10.wav,positif,2
calm,normal,female,ravdess-emotional-speech-audio/Actor_10\03-02-02-01-01-02-10.wav,positif,2
calm,normal,female,ravdess-emotional-speech-audio/Actor_10\03-02-02-01-02-01-10.wav,positif,2
calm,normal,female,ravdess-emotional-speech-audio/Actor_10\03-02-02-01-02-02-10.wav,positif,2
calm,strong,female,ravdess-emotional-speech-audio/Actor_10\03-02-02-02-01-01-10.wav,positif,2
calm,strong,female,ravdess-emotional-speech-audio/Actor_10\03-02-02-02-01-02-10.wav,positif,2
calm,strong,female,ravdess-emotional-speech-audio/Actor_10\03-02-02-02-02-01-10.wav,positif,2
calm,strong,female,ravdess-emotional-speech-audio/Actor_10\03-02-02-02-02-02-10.wav,positif,2
happy,normal,female,ravdess-emotional-speech-audio/Actor_10\03-02-03-01-01-01-10.wav,positif,2
happy,normal,female,ravdess-emotional-speech-audio/Actor_10\03-02-03-01-01-02-10.wav,positif,2
happy,normal,female,ravdess-emotional-speech-audio/Actor_10\03-02-03-01-02-01-10.wav,positif,2
happy,normal,female,ravdess-emotional-speech-audio/Actor_10\03-02-03-01-02-02-10.wav,positif,2
happy,strong,female,ravdess-emotional-speech-audio/Actor_10\03-02-03-02-01-01-10.wav,positif,2
happy,strong,female,ravdess-emotional-speech-audio/Actor_10\03-02-03-02-01-02-10.wav,positif,2
happy,strong,female,ravdess-emotional-speech-audio/Actor_10\03-02-03-02-02-01-10.wav,positif,2
happy,strong,female,ravdess-emotional-speech-audio/Actor_10\03-02-03-02-02-02-10.wav,positif,2
sad,normal,female,ravdess-emotional-speech-audio/Actor_10\03-02-04-01-01-01-10.wav,negatif,1
sad,normal,female,ravdess-emotional-speech-audio/Actor_10\03-02-04-01-01-02-10.wav,negatif,1
sad,normal,female,ravdess-emotional-speech-audio/Actor_10\03-02-04-01-02-01-10.wav,negatif,1
sad,normal,female,ravdess-emotional-speech-audio/Actor_10\03-02-04-01-02-02-10.wav,negatif,1
sad,strong,female,ravdess-emotional-speech-audio/Actor_10\03-02-04-02-01-01-10.wav,negatif,1
sad,strong,female,ravdess-emotional-speech-audio/Actor_10\03-02-04-02-01-02-10.wav,negatif,1
sad,strong,female,ravdess-emotional-speech-audio/Actor_10\03-02-04-02-02-01-10.wav,negatif,1
sad,strong,female,ravdess-emotional-speech-audio/Actor_10\03-02-04-02-02-02-10.wav,negatif,1
angry,normal,female,ravdess-emotional-speech-audio/Actor_10\03-02-05-01-01-01-10.wav,negatif,1
angry,normal,female,ravdess-emotional-speech-audio/Actor_10\03-02-05-01-01-02-10.wav,negatif,1
angry,normal,female,ravdess-emotional-speech-audio/Actor_10\03-02-05-01-02-01-10.wav,negatif,1
angry,normal,female,ravdess-emotional-speech-audio/Actor_10\03-02-05-01-02-02-10.wav,negatif,1
angry,strong,female,ravdess-emotional-speech-audio/Actor_10\03-02-05-02-01-01-10.wav,negatif,1
angry,strong,female,ravdess-emotional-speech-audio/Actor_10\03-02-05-02-01-02-10.wav,negatif,1
angry,strong,female,ravdess-emotional-speech-audio/Actor_10\03-02-05-02-02-01-10.wav,negatif,1
angry,strong,female,ravdess-emotional-speech-audio/Actor_10\03-02-05-02-02-02-10.wav,negatif,1
fear,normal,female,ravdess-emotional-speech-audio/Actor_10\03-02-06-01-01-01-10.wav,negatif,1
fear,normal,female,ravdess-emotional-speech-audio/Actor_10\03-02-06-01-01-02-10.wav,negatif,1
fear,normal,female,ravdess-emotional-speech-audio/Actor_10\03-02-06-01-02-01-10.wav,negatif,1
fear,normal,female,ravdess-emotional-speech-audio/Actor_10\03-02-06-01-02-02-10.wav,negatif,1
fear,strong,female,ravdess-emotional-speech-audio/Actor_10\03-02-06-02-01-01-10.wav,negatif,1
fear,strong,female,ravdess-emotional-speech-audio/Actor_10\03-02-06-02-01-02-10.wav,negatif,1
fear,strong,female,ravdess-emotional-speech-audio/Actor_10\03-02-06-02-02-01-10.wav,negatif,1
fear,strong,female,ravdess-emotional-speech-audio/Actor_10\03-02-06-02-02-02-10.wav,negatif,1
neutral,normal,male,ravdess-emotional-speech-audio/Actor_11\03-02-01-01-01-01-11.wav,neutral,0
neutral,normal,male,ravdess-emotional-speech-audio/Actor_11\03-02-01-01-01-02-11.wav,neutral,0
neutral,normal,male,ravdess-emotional-speech-audio/Actor_11\03-02-01-01-02-01-11.wav,neutral,0
neutral,normal,male,ravdess-emotional-speech-audio/Actor_11\03-02-01-01-02-02-11.wav,neutral,0
calm,normal,male,ravdess-emotional-speech-audio/Actor_11\03-02-02-01-01-01-11.wav,positif,2
calm,normal,male,ravdess-emotional-speech-audio/Actor_11\03-02-02-01-01-02-11.wav,positif,2
calm,normal,male,ravdess-emotional-speech-audio/Actor_11\03-02-02-01-02-01-11.wav,positif,2
calm,normal,male,ravdess-emotional-speech-audio/Actor_11\03-02-02-01-02-02-11.wav,positif,2
calm,strong,male,ravdess-emotional-speech-audio/Actor_11\03-02-02-02-01-01-11.wav,positif,2
calm,strong,male,ravdess-emotional-speech-audio/Actor_11\03-02-02-02-01-02-11.wav,positif,2
calm,strong,male,ravdess-emotional-speech-audio/Actor_11\03-02-02-02-02-01-11.wav,positif,2
calm,strong,male,ravdess-emotional-speech-audio/Actor_11\03-02-02-02-02-02-11.wav,positif,2
happy,normal,male,ravdess-emotional-speech-audio/Actor_11\03-02-03-01-01-01-11.wav,positif,2
happy,normal,male,ravdess-emotional-speech-audio/Actor_11\03-02-03-01-01-02-11.wav,positif,2
happy,normal,male,ravdess-emotional-speech-audio/Actor_11\03-02-03-01-02-01-11.wav,positif,2
happy,normal,male,ravdess-emotional-speech-audio/Actor_11\03-02-03-01-02-02-11.wav,positif,2
happy,strong,male,ravdess-emotional-speech-audio/Actor_11\03-02-03-02-01-01-11.wav,positif,2
happy,strong,male,ravdess-emotional-speech-audio/Actor_11\03-02-03-02-01-02-11.wav,positif,2
happy,strong,male,ravdess-emotional-speech-audio/Actor_11\03-02-03-02-02-01-11.wav,positif,2
happy,strong,male,ravdess-emotional-speech-audio/Actor_11\03-02-03-02-02-02-11.wav,positif,2
sad,normal,male,ravdess-emotional-speech-audio/Actor_11\03-02-04-01-01-01-11.wav,negatif,1
sad,normal,male,ravdess-emotional-speech-audio/Actor_11\03-02-04-01-01-02-11.wav,negatif,1
sad,normal,male,ravdess-emotional-speech-audio/Actor_11\03-02-04-01-02-01-11.wav,negatif,1
sad,normal,male,ravdess-emotional-speech-audio/Actor_11\03-02-04-01-02-02-11.wav,negatif,1
sad,strong,male,ravdess-emotional-speech-audio/Actor_11\03-02-04-02-01-01-11.wav,negatif,1
sad,strong,male,ravdess-emotional-speech-audio/Actor_11\03-02-04-02-01-02-11.wav,negatif,1
sad,strong,male,ravdess-emotional-speech-audio/Actor_11\03-02-04-02-02-01-11.wav,negatif,1
sad,strong,male,ravdess-emotional-speech-audio/Actor_11\03-02-04-02-02-02-11.wav,negatif,1
angry,normal,male,ravdess-emotional-speech-audio/Actor_11\03-02-05-01-01-01-11.wav,negatif,1
angry,normal,male,ravdess-emotional-speech-audio/Actor_11\03-02-05-01-01-02-11.wav,negatif,1
angry,normal,male,ravdess-emotional-speech-audio/Actor_11\03-02-05-01-02-01-11.wav,negatif,1
angry,normal,male,ravdess-emotional-speech-audio/Actor_11\03-02-05-01-02-02-11.wav,negatif,1
angry,strong,male,ravdess-emotional-speech-audio/Actor_11\03-02-05-02-01-01-11.wav,negatif,1
angry,strong,male,ravdess-emotional-speech-audio/Actor_11\03-02-05-02-01-02-11.wav,negatif,1
angry,strong,male,ravdess-emotional-speech-audio/Actor_11\03-02-05-02-02-01-11.wav,negatif,1
angry,strong,male,ravdess-emotional-speech-audio/Actor_11\03-02-05-02-02-02-11.wav,negatif,1
fear,normal,male,ravdess-emotional-speech-audio/Actor_11\03-02-06-01-01-01-11.wav,negatif,1
fear,normal,male,ravdess-emotional-speech-audio/Actor_11\03-02-06-01-01-02-11.wav,negatif,1
fear,normal,male,ravdess-emotional-speech-audio/Actor_11\03-02-06-01-02-01-11.wav,negatif,1
fear,normal,male,ravdess-emotional-speech-audio/Actor_11\03-02-06-01-02-02-11.wav,negatif,1
fear,strong,male,ravdess-emotional-speech-audio/Actor_11\03-02-06-02-01-01-11.wav,negatif,1
fear,strong,male,ravdess-emotional-speech-audio/Actor_11\03-02-06-02-01-02-11.wav,negatif,1
fear,strong,male,ravdess-emotional-speech-audio/Actor_11\03-02-06-02-02-01-11.wav,negatif,1
fear,strong,male,ravdess-emotional-speech-audio/Actor_11\03-02-06-02-02-02-11.wav,negatif,1
neutral,normal,female,ravdess-emotional-speech-audio/Actor_12\03-02-01-01-01-01-12.wav,neutral,0
neutral,normal,female,ravdess-emotional-speech-audio/Actor_12\03-02-01-01-01-02-12.wav,neutral,0
neutral,normal,female,ravdess-emotional-speech-audio/Actor_12\03-02-01-01-02-01-12.wav,neutral,0
neutral,normal,female,ravdess-emotional-speech-audio/Actor_12\03-02-01-01-02-02-12.wav,neutral,0
calm,normal,female,ravdess-emotional-speech-audio/Actor_12\03-02-02-01-01-01-12.wav,positif,2
calm,normal,female,ravdess-emotional-speech-audio/Actor_12\03-02-02-01-01-02-12.wav,positif,2
calm,normal,female,ravdess-emotional-speech-audio/Actor_12\03-02-02-01-02-01-12.wav,positif,2
calm,normal,female,ravdess-emotional-speech-audio/Actor_12\03-02-02-01-02-02-12.wav,positif,2
calm,strong,female,ravdess-emotional-speech-audio/Actor_12\03-02-02-02-01-01-12.wav,positif,2
calm,strong,female,ravdess-emotional-speech-audio/Actor_12\03-02-02-02-01-02-12.wav,positif,2
calm,strong,female,ravdess-emotional-speech-audio/Actor_12\03-02-02-02-02-01-12.wav,positif,2
calm,strong,female,ravdess-emotional-speech-audio/Actor_12\03-02-02-02-02-02-12.wav,positif,2
happy,normal,female,ravdess-emotional-speech-audio/Actor_12\03-02-03-01-01-01-12.wav,positif,2
happy,normal,female,ravdess-emotional-speech-audio/Actor_12\03-02-03-01-01-02-12.wav,positif,2
happy,normal,female,ravdess-emotional-speech-audio/Actor_12\03-02-03-01-02-01-12.wav,positif,2
happy,normal,female,ravdess-emotional-speech-audio/Actor_12\03-02-03-01-02-02-12.wav,positif,2
happy,strong,female,ravdess-emotional-speech-audio/Actor_12\03-02-03-02-01-01-12.wav,positif,2
happy,strong,female,ravdess-emotional-speech-audio/Actor_12\03-02-03-02-01-02-12.wav,positif,2
happy,strong,female,ravdess-emotional-speech-audio/Actor_12\03-02-03-02-02-01-12.wav,positif,2
happy,strong,female,ravdess-emotional-speech-audio/Actor_12\03-02-03-02-02-02-12.wav,positif,2
sad,normal,female,ravdess-emotional-speech-audio/Actor_12\03-02-04-01-01-01-12.wav,negatif,1
sad,normal,female,ravdess-emotional-speech-audio/Actor_12\03-02-04-01-01-02-12.wav,negatif,1
sad,normal,female,ravdess-emotional-speech-audio/Actor_12\03-02-04-01-02-01-12.wav,negatif,1
sad,normal,female,ravdess-emotional-speech-audio/Actor_12\03-02-04-01-02-02-12.wav,negatif,1
sad,strong,female,ravdess-emotional-speech-audio/Actor_12\03-02-04-02-01-01-12.wav,negatif,1
sad,strong,female,ravdess-emotional-speech-audio/Actor_12\03-02-04-02-01-02-12.wav,negatif,1
sad,strong,female,ravdess-emotional-speech-audio/Actor_12\03-02-04-02-02-01-12.wav,negatif,1
sad,strong,female,ravdess-emotional-speech-audio/Actor_12\03-02-04-02-02-02-12.wav,negatif,1
angry,normal,female,ravdess-emotional-speech-audio/Actor_12\03-02-05-01-01-01-12.wav,negatif,1
angry,normal,female,ravdess-emotional-speech-audio/Actor_12\03-02-05-01-01-02-12.wav,negatif,1
angry,normal,female,ravdess-emotional-speech-audio/Actor_12\03-02-05-01-02-01-12.wav,negatif,1
angry,normal,female,ravdess-emotional-speech-audio/Actor_12\03-02-05-01-02-02-12.wav,negatif,1
angry,strong,female,ravdess-emotional-speech-audio/Actor_12\03-02-05-02-01-01-12.wav,negatif,1
angry,strong,female,ravdess-emotional-speech-audio/Actor_12\03-02-05-02-01-02-12.wav,negatif,1
angry,strong,female,ravdess-emotional-speech-audio/Actor_12\03-02-05-02-02-01-12.wav,negatif,1
angry,strong,female,ravdess-emotional-speech-audio/Actor_12\03-02-05-02-02-02-12.wav,negatif,1
fear,normal,female,ravdess-emotional-speech-audio/Actor_12\03-02-06-01-01-01-12.wav,negatif,1
fear,normal,female,ravdess-emotional-speech-audio/Actor_12\03-02-06-01-01-02-12.wav,negatif,1
fear,normal,female,ravdess-emotional-speech-audio/Actor_12\03-02-06-01-02-01-12.wav,negatif,1
fear,normal,female,ravdess-emotional-speech-audio/Actor_12\03-02-06-01-02-02-12.wav,negatif,1
fear,strong,female,ravdess-emotional-speech-audio/Actor_12\03-02-06-02-01-01-12.wav,negatif,1
fear,strong,female,ravdess-emotional-speech-audio/Actor_12\03-02-06-02-01-02-12.wav,negatif,1
fear,strong,female,ravdess-emotional-speech-audio/Actor_12\03-02-06-02-02-01-12.wav,negatif,1
fear,strong,female,ravdess-emotional-speech-audio/Actor_12\03-02-06-02-02-02-12.wav,negatif,1
neutral,normal,male,ravdess-emotional-speech-audio/Actor_13\03-02-01-01-01-01-13.wav,neutral,0
neutral,normal,male,ravdess-emotional-speech-audio/Actor_13\03-02-01-01-01-02-13.wav,neutral,0
neutral,normal,male,ravdess-emotional-speech-audio/Actor_13\03-02-01-01-02-01-13.wav,neutral,0
neutral,normal,male,ravdess-emotional-speech-audio/Actor_13\03-02-01-01-02-02-13.wav,neutral,0
calm,normal,male,ravdess-emotional-speech-audio/Actor_13\03-02-02-01-01-01-13.wav,positif,2
calm,normal,male,ravdess-emotional-speech-audio/Actor_13\03-02-02-01-01-02-13.wav,positif,2
calm,normal,male,ravdess-emotional-speech-audio/Actor_13\03-02-02-01-02-01-13.wav,positif,2
calm,normal,male,ravdess-emotional-speech-audio/Actor_13\03-02-02-01-02-02-13.wav,positif,2
calm,strong,male,ravdess-emotional-speech-audio/Actor_13\03-02-02-02-01-01-13.wav,positif,2
calm,strong,male,ravdess-emotional-speech-audio/Actor_13\03-02-02-02-01-02-13.wav,positif,2
calm,strong,male,ravdess-emotional-speech-audio/Actor_13\03-02-02-02-02-01-13.wav,positif,2
calm,strong,male,ravdess-emotional-speech-audio/Actor_13\03-02-02-02-02-02-13.wav,positif,2
happy,normal,male,ravdess-emotional-speech-audio/Actor_13\03-02-03-01-01-01-13.wav,positif,2
happy,normal,male,ravdess-emotional-speech-audio/Actor_13\03-02-03-01-01-02-13.wav,positif,2
happy,normal,male,ravdess-emotional-speech-audio/Actor_13\03-02-03-01-02-01-13.wav,positif,2
happy,normal,male,ravdess-emotional-speech-audio/Actor_13\03-02-03-01-02-02-13.wav,positif,2
happy,strong,male,ravdess-emotional-speech-audio/Actor_13\03-02-03-02-01-01-13.wav,positif,2
happy,strong,male,ravdess-emotional-speech-audio/Actor_13\03-02-03-02-01-02-13.wav,positif,2
happy,strong,male,ravdess-emotional-speech-audio/Actor_13\03-02-03-02-02-01-13.wav,positif,2
happy,strong,male,ravdess-emotional-speech-audio/Actor_13\03-02-03-02-02-02-13.wav,positif,2
sad,normal,male,ravdess-emotional-speech-audio/Actor_13\03-02-04-01-01-01-13.wav,negatif,1
sad,normal,male,ravdess-emotional-speech-audio/Actor_13\03-02-04-01-01-02-13.wav,negatif,1
sad,normal,male,ravdess-emotional-speech-audio/Actor_13\03-02-04-01-02-01-13.wav,negatif,1
sad,normal,male,ravdess-emotional-speech-audio/Actor_13\03-02-04-01-02-02-13.wav,negatif,1
sad,strong,male,ravdess-emotional-speech-audio/Actor_13\03-02-04-02-01-01-13.wav,negatif,1
sad,strong,male,ravdess-emotional-speech-audio/Actor_13\03-02-04-02-01-02-13.wav,negatif,1
sad,strong,male,ravdess-emotional-speech-audio/Actor_13\03-02-04-02-02-01-13.wav,negatif,1
sad,strong,male,ravdess-emotional-speech-audio/Actor_13\03-02-04-02-02-02-13.wav,negatif,1
angry,normal,male,ravdess-emotional-speech-audio/Actor_13\03-02-05-01-01-01-13.wav,negatif,1
angry,normal,male,ravdess-emotional-speech-audio/Actor_13\03-02-05-01-01-02-13.wav,negatif,1
angry,normal,male,ravdess-emotional-speech-audio/Actor_13\03-02-05-01-02-01-13.wav,negatif,1
angry,normal,male,ravdess-emotional-speech-audio/Actor_13\03-02-05-01-02-02-13.wav,negatif,1
angry,strong,male,ravdess-emotional-speech-audio/Actor_13\03-02-05-02-01-01-13.wav,negatif,1
angry,strong,male,ravdess-emotional-speech-audio/Actor_13\03-02-05-02-01-02-13.wav,negatif,1
angry,strong,male,ravdess-emotional-speech-audio/Actor_13\03-02-05-02-02-01-13.wav,negatif,1
angry,strong,male,ravdess-emotional-speech-audio/Actor_13\03-02-05-02-02-02-13.wav,negatif,1
fear,normal,male,ravdess-emotional-speech-audio/Actor_13\03-02-06-01-01-01-13.wav,negatif,1
fear,normal,male,ravdess-emotional-speech-audio/Actor_13\03-02-06-01-01-02-13.wav,negatif,1
fear,normal,male,ravdess-emotional-speech-audio/Actor_13\03-02-06-01-02-01-13.wav,negatif,1
fear,normal,male,ravdess-emotional-speech-audio/Actor_13\03-02-06-01-02-02-13.wav,negatif,1
fear,strong,male,ravdess-emotional-speech-audio/Actor_13\03-02-06-02-01-01-13.wav,negatif,1
fear,strong,male,ravdess-emotional-speech-audio/Actor_13\03-02-06-02-01-02-13.wav,negatif,1
fear,strong,male,ravdess-emotional-speech-audio/Actor_13\03-02-06-02-02-01-13.wav,negatif,1
fear,strong,male,ravdess-emotional-speech-audio/Actor_13\03-02-06-02-02-02-13.wav,negatif,1
neutral,normal,female,ravdess-emotional-speech-audio/Actor_14\03-02-01-01-01-01-14.wav,neutral,0
neutral,normal,female,ravdess-emotional-speech-audio/Actor_14\03-02-01-01-01-02-14.wav,neutral,0
neutral,normal,female,ravdess-emotional-speech-audio/Actor_14\03-02-01-01-02-01-14.wav,neutral,0
neutral,normal,female,ravdess-emotional-speech-audio/Actor_14\03-02-01-01-02-02-14.wav,neutral,0
calm,normal,female,ravdess-emotional-speech-audio/Actor_14\03-02-02-01-01-01-14.wav,positif,2
calm,normal,female,ravdess-emotional-speech-audio/Actor_14\03-02-02-01-01-02-14.wav,positif,2
calm,normal,female,ravdess-emotional-speech-audio/Actor_14\03-02-02-01-02-01-14.wav,positif,2
calm,normal,female,ravdess-emotional-speech-audio/Actor_14\03-02-02-01-02-02-14.wav,positif,2
calm,strong,female,ravdess-emotional-speech-audio/Actor_14\03-02-02-02-01-01-14.wav,positif,2
calm,strong,female,ravdess-emotional-speech-audio/Actor_14\03-02-02-02-01-02-14.wav,positif,2
calm,strong,female,ravdess-emotional-speech-audio/Actor_14\03-02-02-02-02-01-14.wav,positif,2
calm,strong,female,ravdess-emotional-speech-audio/Actor_14\03-02-02-02-02-02-14.wav,positif,2
happy,normal,female,ravdess-emotional-speech-audio/Actor_14\03-02-03-01-01-01-14.wav,positif,2
happy,normal,female,ravdess-emotional-speech-audio/Actor_14\03-02-03-01-01-02-14.wav,positif,2
happy,normal,female,ravdess-emotional-speech-audio/Actor_14\03-02-03-01-02-01-14.wav,positif,2
happy,normal,female,ravdess-emotional-speech-audio/Actor_14\03-02-03-01-02-02-14.wav,positif,2
happy,strong,female,ravdess-emotional-speech-audio/Actor_14\03-02-03-02-01-01-14.wav,positif,2
happy,strong,female,ravdess-emotional-speech-audio/Actor_14\03-02-03-02-01-02-14.wav,positif,2
happy,strong,female,ravdess-emotional-speech-audio/Actor_14\03-02-03-02-02-01-14.wav,positif,2
happy,strong,female,ravdess-emotional-speech-audio/Actor_14\03-02-03-02-02-02-14.wav,positif,2
sad,normal,female,ravdess-emotional-speech-audio/Actor_14\03-02-04-01-01-01-14.wav,negatif,1
sad,normal,female,ravdess-emotional-speech-audio/Actor_14\03-02-04-01-01-02-14.wav,negatif,1
sad,normal,female,ravdess-emotional-speech-audio/Actor_14\03-02-04-01-02-01-14.wav,negatif,1
sad,normal,female,ravdess-emotional-speech-audio/Actor_14\03-02-04-01-02-02-14.wav,negatif,1
sad,strong,female,ravdess-emotional-speech-audio/Actor_14\03-02-04-02-01-01-14.wav,negatif,1
sad,strong,female,ravdess-emotional-speech-audio/Actor_14\03-02-04-02-01-02-14.wav,negatif,1
sad,strong,female,ravdess-emotional-speech-audio/Actor_14\03-02-04-02-02-01-14.wav,negatif,1
sad,strong,female,ravdess-emotional-speech-audio/Actor_14\03-02-04-02-02-02-14.wav,negatif,1
angry,normal,female,ravdess-emotional-speech-audio/Actor_14\03-02-05-01-01-01-14.wav,negatif,1
angry,normal,female,ravdess-emotional-speech-audio/Actor_14\03-02-05-01-01-02-14.wav,negatif,1
angry,normal,female,ravdess-emotional-speech-audio/Actor_14\03-02-05-01-02-01-14.wav,negatif,1
angry,normal,female,ravdess-emotional-speech-audio/Actor_14\03-02-05-01-02-02-14.wav,negatif,1
angry,strong,female,ravdess-emotional-speech-audio/Actor_14\03-02-05-02-01-01-14.wav,negatif,1
angry,strong,female,ravdess-emotional-speech-audio/Actor_14\03-02-05-02-01-02-14.wav,negatif,1
angry,strong,female,ravdess-emotional-speech-audio/Actor_14\03-02-05-02-02-01-14.wav,negatif,1
angry,strong,female,ravdess-emotional-speech-audio/Actor_14\03-02-05-02-02-02-14.wav,negatif,1
fear,normal,female,ravdess-emotional-speech-audio/Actor_14\03-02-06-01-01-01-14.wav,negatif,1
fear,normal,female,ravdess-emotional-speech-audio/Actor_14\03-02-06-01-01-02-14.wav,negatif,1
fear,normal,female,ravdess-emotional-speech-audio/Actor_14\03-02-06-01-02-01-14.wav,negatif,1
fear,normal,female,ravdess-emotional-speech-audio/Actor_14\03-02-06-01-02-02-14.wav,negatif,1
fear,strong,female,ravdess-emotional-speech-audio/Actor_14\03-02-06-02-01-01-14.wav,negatif,1
fear,strong,female,ravdess-emotional-speech-audio/Actor_14\03-02-06-02-01-02-14.wav,negatif,1
fear,strong,female,ravdess-emotional-speech-audio/Actor_14\03-02-06-02-02-01-14.wav,negatif,1
fear,strong,female,ravdess-emotional-speech-audio/Actor_14\03-02-06-02-02-02-14.wav,negatif,1
neutral,normal,male,ravdess-emotional-speech-audio/Actor_15\03-02-01-01-01-01-15.wav,neutral,0
neutral,normal,male,ravdess-emotional-speech-audio/Actor_15\03-02-01-01-01-02-15.wav,neutral,0
neutral,normal,male,ravdess-emotional-speech-audio/Actor_15\03-02-01-01-02-01-15.wav,neutral,0
neutral,normal,male,ravdess-emotional-speech-audio/Actor_15\03-02-01-01-02-02-15.wav,neutral,0
calm,normal,male,ravdess-emotional-speech-audio/Actor_15\03-02-02-01-01-01-15.wav,positif,2
calm,normal,male,ravdess-emotional-speech-audio/Actor_15\03-02-02-01-01-02-15.wav,positif,2
calm,normal,male,ravdess-emotional-speech-audio/Actor_15\03-02-02-01-02-01-15.wav,positif,2
calm,normal,male,ravdess-emotional-speech-audio/Actor_15\03-02-02-01-02-02-15.wav,positif,2
calm,strong,male,ravdess-emotional-speech-audio/Actor_15\03-02-02-02-01-01-15.wav,positif,2
calm,strong,male,ravdess-emotional-speech-audio/Actor_15\03-02-02-02-01-02-15.wav,positif,2
calm,strong,male,ravdess-emotional-speech-audio/Actor_15\03-02-02-02-02-01-15.wav,positif,2
calm,strong,male,ravdess-emotional-speech-audio/Actor_15\03-02-02-02-02-02-15.wav,positif,2
happy,normal,male,ravdess-emotional-speech-audio/Actor_15\03-02-03-01-01-01-15.wav,positif,2
happy,normal,male,ravdess-emotional-speech-audio/Actor_15\03-02-03-01-01-02-15.wav,positif,2
happy,normal,male,ravdess-emotional-speech-audio/Actor_15\03-02-03-01-02-01-15.wav,positif,2
happy,normal,male,ravdess-emotional-speech-audio/Actor_15\03-02-03-01-02-02-15.wav,positif,2
happy,strong,male,ravdess-emotional-speech-audio/Actor_15\03-02-03-02-01-01-15.wav,positif,2
happy,strong,male,ravdess-emotional-speech-audio/Actor_15\03-02-03-02-01-02-15.wav,positif,2
happy,strong,male,ravdess-emotional-speech-audio/Actor_15\03-02-03-02-02-01-15.wav,positif,2
happy,strong,male,ravdess-emotional-speech-audio/Actor_15\03-02-03-02-02-02-15.wav,positif,2
sad,normal,male,ravdess-emotional-speech-audio/Actor_15\03-02-04-01-01-01-15.wav,negatif,1
sad,normal,male,ravdess-emotional-speech-audio/Actor_15\03-02-04-01-01-02-15.wav,negatif,1
sad,normal,male,ravdess-emotional-speech-audio/Actor_15\03-02-04-01-02-01-15.wav,negatif,1
sad,normal,male,ravdess-emotional-speech-audio/Actor_15\03-02-04-01-02-02-15.wav,negatif,1
sad,strong,male,ravdess-emotional-speech-audio/Actor_15\03-02-04-02-01-01-15.wav,negatif,1
sad,strong,male,ravdess-emotional-speech-audio/Actor_15\03-02-04-02-01-02-15.wav,negatif,1
sad,strong,male,ravdess-emotional-speech-audio/Actor_15\03-02-04-02-02-01-15.wav,negatif,1
sad,strong,male,ravdess-emotional-speech-audio/Actor_15\03-02-04-02-02-02-15.wav,negatif,1
angry,normal,male,ravdess-emotional-speech-audio/Actor_15\03-02-05-01-01-01-15.wav,negatif,1
angry,normal,male,ravdess-emotional-speech-audio/Actor_15\03-02-05-01-01-02-15.wav,negatif,1
angry,normal,male,ravdess-emotional-speech-audio/Actor_15\03-02-05-01-02-01-15.wav,negatif,1
angry,normal,male,ravdess-emotional-speech-audio/Actor_15\03-02-05-01-02-02-15.wav,negatif,1
angry,strong,male,ravdess-emotional-speech-audio/Actor_15\03-02-05-02-01-01-15.wav,negatif,1
angry,strong,male,ravdess-emotional-speech-audio/Actor_15\03-02-05-02-01-02-15.wav,negatif,1
angry,strong,male,ravdess-emotional-speech-audio/Actor_15\03-02-05-02-02-01-15.wav,negatif,1
angry,strong,male,ravdess-emotional-speech-audio/Actor_15\03-02-05-02-02-02-15.wav,negatif,1
fear,normal,male,ravdess-emotional-speech-audio/Actor_15\03-02-06-01-01-01-15.wav,negatif,1
fear,normal,male,ravdess-emotional-speech-audio/Actor_15\03-02-06-01-01-02-15.wav,negatif,1
fear,normal,male,ravdess-emotional-speech-audio/Actor_15\03-02-06-01-02-01-15.wav,negatif,1
fear,normal,male,ravdess-emotional-speech-audio/Actor_15\03-02-06-01-02-02-15.wav,negatif,1
fear,strong,male,ravdess-emotional-speech-audio/Actor_15\03-02-06-02-01-01-15.wav,negatif,1
fear,strong,male,ravdess-emotional-speech-audio/Actor_15\03-02-06-02-01-02-15.wav,negatif,1
fear,strong,male,ravdess-emotional-speech-audio/Actor_15\03-02-06-02-02-01-15.wav,negatif,1
fear,strong,male,ravdess-emotional-speech-audio/Actor_15\03-02-06-02-02-02-15.wav,negatif,1
neutral,normal,female,ravdess-emotional-speech-audio/Actor_16\03-02-01-01-01-01-16.wav,neutral,0
neutral,normal,female,ravdess-emotional-speech-audio/Actor_16\03-02-01-01-01-02-16.wav,neutral,0
neutral,normal,female,ravdess-emotional-speech-audio/Actor_16\03-02-01-01-02-01-16.wav,neutral,0
neutral,normal,female,ravdess-emotional-speech-audio/Actor_16\03-02-01-01-02-02-16.wav,neutral,0
calm,normal,female,ravdess-emotional-speech-audio/Actor_16\03-02-02-01-01-01-16.wav,positif,2
calm,normal,female,ravdess-emotional-speech-audio/Actor_16\03-02-02-01-01-02-16.wav,positif,2
calm,normal,female,ravdess-emotional-speech-audio/Actor_16\03-02-02-01-02-01-16.wav,positif,2
calm,normal,female,ravdess-emotional-speech-audio/Actor_16\03-02-02-01-02-02-16.wav,positif,2
calm,strong,female,ravdess-emotional-speech-audio/Actor_16\03-02-02-02-01-01-16.wav,positif,2
calm,strong,female,ravdess-emotional-speech-audio/Actor_16\03-02-02-02-01-02-16.wav,positif,2
calm,strong,female,ravdess-emotional-speech-audio/Actor_16\03-02-02-02-02-01-16.wav,positif,2
calm,strong,female,ravdess-emotional-speech-audio/Actor_16\03-02-02-02-02-02-16.wav,positif,2
happy,normal,female,ravdess-emotional-speech-audio/Actor_16\03-02-03-01-01-01-16.wav,positif,2
happy,normal,female,ravdess-emotional-speech-audio/Actor_16\03-02-03-01-01-02-16.wav,positif,2
happy,normal,female,ravdess-emotional-speech-audio/Actor_16\03-02-03-01-02-01-16.wav,positif,2
happy,normal,female,ravdess-emotional-speech-audio/Actor_16\03-02-03-01-02-02-16.wav,positif,2
happy,strong,female,ravdess-emotional-speech-audio/Actor_16\03-02-03-02-01-01-16.wav,positif,2
happy,strong,female,ravdess-emotional-speech-audio/Actor_16\03-02-03-02-01-02-16.wav,positif,2
happy,strong,female,ravdess-emotional-speech-audio/Actor_16\03-02-03-02-02-01-16.wav,positif,2
happy,strong,female,ravdess-emotional-speech-audio/Actor_16\03-02-03-02-02-02-16.wav,positif,2
sad,normal,female,ravdess-emotional-speech-audio/Actor_16\03-02-04-01-01-01-16.wav,negatif,1
sad,normal,female,ravdess-emotional-speech-audio/Actor_16\03-02-04-01-01-02-16.wav,negatif,1
sad,normal,female,ravdess-emotional-speech-audio/Actor_16\03-02-04-01-02-01-16.wav,negatif,1
sad,normal,female,ravdess-emotional-speech-audio/Actor_16\03-02-04-01-02-02-16.wav,negatif,1
sad,strong,female,ravdess-emotional-speech-audio/Actor_16\03-02-04-02-01-01-16.wav,negatif,1
sad,strong,female,ravdess-emotional-speech-audio/Actor_16\03-02-04-02-01-02-16.wav,negatif,1
sad,strong,female,ravdess-emotional-speech-audio/Actor_16\03-02-04-02-02-01-16.wav,negatif,1
sad,strong,female,ravdess-emotional-speech-audio/Actor_16\03-02-04-02-02-02-16.wav,negatif,1
angry,normal,female,ravdess-emotional-speech-audio/Actor_16\03-02-05-01-01-01-16.wav,negatif,1
angry,normal,female,ravdess-emotional-speech-audio/Actor_16\03-02-05-01-01-02-16.wav,negatif,1
angry,normal,female,ravdess-emotional-speech-audio/Actor_16\03-02-05-01-02-01-16.wav,negatif,1
angry,normal,female,ravdess-emotional-speech-audio/Actor_16\03-02-05-01-02-02-16.wav,negatif,1
angry,strong,female,ravdess-emotional-speech-audio/Actor_16\03-02-05-02-01-01-16.wav,negatif,1
angry,strong,female,ravdess-emotional-speech-audio/Actor_16\03-02-05-02-01-02-16.wav,negatif,1
angry,strong,female,ravdess-emotional-speech-audio/Actor_16\03-02-05-02-02-01-16.wav,negatif,1
angry,strong,female,ravdess-emotional-speech-audio/Actor_16\03-02-05-02-02-02-16.wav,negatif,1
fear,normal,female,ravdess-emotional-speech-audio/Actor_16\03-02-06-01-01-01-16.wav,negatif,1
fear,normal,female,ravdess-emotional-speech-audio/Actor_16\03-02-06-01-01-02-16.wav,negatif,1
fear,normal,female,ravdess-emotional-speech-audio/Actor_16\03-02-06-01-02-01-16.wav,negatif,1
fear,normal,female,ravdess-emotional-speech-audio/Actor_16\03-02-06-01-02-02-16.wav,negatif,1
fear,strong,female,ravdess-emotional-speech-audio/Actor_16\03-02-06-02-01-01-16.wav,negatif,1
fear,strong,female,ravdess-emotional-speech-audio/Actor_16\03-02-06-02-01-02-16.wav,negatif,1
fear,strong,female,ravdess-emotional-speech-audio/Actor_16\03-02-06-02-02-01-16.wav,negatif,1
fear,strong,female,ravdess-emotional-speech-audio/Actor_16\03-02-06-02-02-02-16.wav,negatif,1
neutral,normal,male,ravdess-emotional-speech-audio/Actor_17\03-02-01-01-01-01-17.wav,neutral,0
neutral,normal,male,ravdess-emotional-speech-audio/Actor_17\03-02-01-01-01-02-17.wav,neutral,0
neutral,normal,male,ravdess-emotional-speech-audio/Actor_17\03-02-01-01-02-01-17.wav,neutral,0
neutral,normal,male,ravdess-emotional-speech-audio/Actor_17\03-02-01-01-02-02-17.wav,neutral,0
calm,normal,male,ravdess-emotional-speech-audio/Actor_17\03-02-02-01-01-01-17.wav,positif,2
calm,normal,male,ravdess-emotional-speech-audio/Actor_17\03-02-02-01-01-02-17.wav,positif,2
calm,normal,male,ravdess-emotional-speech-audio/Actor_17\03-02-02-01-02-01-17.wav,positif,2
calm,normal,male,ravdess-emotional-speech-audio/Actor_17\03-02-02-01-02-02-17.wav,positif,2
calm,strong,male,ravdess-emotional-speech-audio/Actor_17\03-02-02-02-01-01-17.wav,positif,2
calm,strong,male,ravdess-emotional-speech-audio/Actor_17\03-02-02-02-01-02-17.wav,positif,2
calm,strong,male,ravdess-emotional-speech-audio/Actor_17\03-02-02-02-02-01-17.wav,positif,2
calm,strong,male,ravdess-emotional-speech-audio/Actor_17\03-02-02-02-02-02-17.wav,positif,2
happy,normal,male,ravdess-emotional-speech-audio/Actor_17\03-02-03-01-01-01-17.wav,positif,2
happy,normal,male,ravdess-emotional-speech-audio/Actor_17\03-02-03-01-01-02-17.wav,positif,2
happy,normal,male,ravdess-emotional-speech-audio/Actor_17\03-02-03-01-02-01-17.wav,positif,2
happy,normal,male,ravdess-emotional-speech-audio/Actor_17\03-02-03-01-02-02-17.wav,positif,2
happy,strong,male,ravdess-emotional-speech-audio/Actor_17\03-02-03-02-01-01-17.wav,positif,2
happy,strong,male,ravdess-emotional-speech-audio/Actor_17\03-02-03-02-01-02-17.wav,positif,2
happy,strong,male,ravdess-emotional-speech-audio/Actor_17\03-02-03-02-02-01-17.wav,positif,2
happy,strong,male,ravdess-emotional-speech-audio/Actor_17\03-02-03-02-02-02-17.wav,positif,2
sad,normal,male,ravdess-emotional-speech-audio/Actor_17\03-02-04-01-01-01-17.wav,negatif,1
sad,normal,male,ravdess-emotional-speech-audio/Actor_17\03-02-04-01-01-02-17.wav,negatif,1
sad,normal,male,ravdess-emotional-speech-audio/Actor_17\03-02-04-01-02-01-17.wav,negatif,1
sad,normal,male,ravdess-emotional-speech-audio/Actor_17\03-02-04-01-02-02-17.wav,negatif,1
sad,strong,male,ravdess-emotional-speech-audio/Actor_17\03-02-04-02-01-01-17.wav,negatif,1
sad,strong,male,ravdess-emotional-speech-audio/Actor_17\03-02-04-02-01-02-17.wav,negatif,1
sad,strong,male,ravdess-emotional-speech-audio/Actor_17\03-02-04-02-02-01-17.wav,negatif,1
sad,strong,male,ravdess-emotional-speech-audio/Actor_17\03-02-04-02-02-02-17.wav,negatif,1
angry,normal,male,ravdess-emotional-speech-audio/Actor_17\03-02-05-01-01-01-17.wav,negatif,1
angry,normal,male,ravdess-emotional-speech-audio/Actor_17\03-02-05-01-01-02-17.wav,negatif,1
angry,normal,male,ravdess-emotional-speech-audio/Actor_17\03-02-05-01-02-01-17.wav,negatif,1
angry,normal,male,ravdess-emotional-speech-audio/Actor_17\03-02-05-01-02-02-17.wav,negatif,1
angry,strong,male,ravdess-emotional-speech-audio/Actor_17\03-02-05-02-01-01-17.wav,negatif,1
angry,strong,male,ravdess-emotional-speech-audio/Actor_17\03-02-05-02-01-02-17.wav,negatif,1
angry,strong,male,ravdess-emotional-speech-audio/Actor_17\03-02-05-02-02-01-17.wav,negatif,1
angry,strong,male,ravdess-emotional-speech-audio/Actor_17\03-02-05-02-02-02-17.wav,negatif,1
fear,normal,male,ravdess-emotional-speech-audio/Actor_17\03-02-06-01-01-01-17.wav,negatif,1
fear,normal,male,ravdess-emotional-speech-audio/Actor_17\03-02-06-01-01-02-17.wav,negatif,1
fear,normal,male,ravdess-emotional-speech-audio/Actor_17\03-02-06-01-02-01-17.wav,negatif,1
fear,normal,male,ravdess-emotional-speech-audio/Actor_17\03-02-06-01-02-02-17.wav,negatif,1
fear,strong,male,ravdess-emotional-speech-audio/Actor_17\03-02-06-02-01-01-17.wav,negatif,1
fear,strong,male,ravdess-emotional-speech-audio/Actor_17\03-02-06-02-01-02-17.wav,negatif,1
fear,strong,male,ravdess-emotional-speech-audio/Actor_17\03-02-06-02-02-01-17.wav,negatif,1
fear,strong,male,ravdess-emotional-speech-audio/Actor_17\03-02-06-02-02-02-17.wav,negatif,1
neutral,normal,male,ravdess-emotional-speech-audio/Actor_19\03-02-01-01-01-01-19.wav,neutral,0
neutral,normal,male,ravdess-emotional-speech-audio/Actor_19\03-02-01-01-01-02-19.wav,neutral,0
neutral,normal,male,ravdess-emotional-speech-audio/Actor_19\03-02-01-01-02-01-19.wav,neutral,0
neutral,normal,male,ravdess-emotional-speech-audio/Actor_19\03-02-01-01-02-02-19.wav,neutral,0
calm,normal,male,ravdess-emotional-speech-audio/Actor_19\03-02-02-01-01-01-19.wav,positif,2
calm,normal,male,ravdess-emotional-speech-audio/Actor_19\03-02-02-01-01-02-19.wav,positif,2
calm,normal,male,ravdess-emotional-speech-audio/Actor_19\03-02-02-01-02-01-19.wav,positif,2
calm,normal,male,ravdess-emotional-speech-audio/Actor_19\03-02-02-01-02-02-19.wav,positif,2
calm,strong,male,ravdess-emotional-speech-audio/Actor_19\03-02-02-02-01-01-19.wav,positif,2
calm,strong,male,ravdess-emotional-speech-audio/Actor_19\03-02-02-02-01-02-19.wav,positif,2
calm,strong,male,ravdess-emotional-speech-audio/Actor_19\03-02-02-02-02-01-19.wav,positif,2
calm,strong,male,ravdess-emotional-speech-audio/Actor_19\03-02-02-02-02-02-19.wav,positif,2
happy,normal,male,ravdess-emotional-speech-audio/Actor_19\03-02-03-01-01-01-19.wav,positif,2
happy,normal,male,ravdess-emotional-speech-audio/Actor_19\03-02-03-01-01-02-19.wav,positif,2
happy,normal,male,ravdess-emotional-speech-audio/Actor_19\03-02-03-01-02-01-19.wav,positif,2
happy,normal,male,ravdess-emotional-speech-audio/Actor_19\03-02-03-01-02-02-19.wav,positif,2
happy,strong,male,ravdess-emotional-speech-audio/Actor_19\03-02-03-02-01-01-19.wav,positif,2
happy,strong,male,ravdess-emotional-speech-audio/Actor_19\03-02-03-02-01-02-19.wav,positif,2
happy,strong,male,ravdess-emotional-speech-audio/Actor_19\03-02-03-02-02-01-19.wav,positif,2
happy,strong,male,ravdess-emotional-speech-audio/Actor_19\03-02-03-02-02-02-19.wav,positif,2
sad,normal,male,ravdess-emotional-speech-audio/Actor_19\03-02-04-01-01-01-19.wav,negatif,1
sad,normal,male,ravdess-emotional-speech-audio/Actor_19\03-02-04-01-01-02-19.wav,negatif,1
sad,normal,male,ravdess-emotional-speech-audio/Actor_19\03-02-04-01-02-01-19.wav,negatif,1
sad,normal,male,ravdess-emotional-speech-audio/Actor_19\03-02-04-01-02-02-19.wav,negatif,1
sad,strong,male,ravdess-emotional-speech-audio/Actor_19\03-02-04-02-01-01-19.wav,negatif,1
sad,strong,male,ravdess-emotional-speech-audio/Actor_19\03-02-04-02-01-02-19.wav,negatif,1
sad,strong,male,ravdess-emotional-speech-audio/Actor_19\03-02-04-02-02-01-19.wav,negatif,1
sad,strong,male,ravdess-emotional-speech-audio/Actor_19\03-02-04-02-02-02-19.wav,negatif,1
angry,normal,male,ravdess-emotional-speech-audio/Actor_19\03-02-05-01-01-01-19.wav,negatif,1
angry,normal,male,ravdess-emotional-speech-audio/Actor_19\03-02-05-01-01-02-19.wav,negatif,1
angry,normal,male,ravdess-emotional-speech-audio/Actor_19\03-02-05-01-02-01-19.wav,negatif,1
angry,normal,male,ravdess-emotional-speech-audio/Actor_19\03-02-05-01-02-02-19.wav,negatif,1
angry,strong,male,ravdess-emotional-speech-audio/Actor_19\03-02-05-02-01-01-19.wav,negatif,1
angry,strong,male,ravdess-emotional-speech-audio/Actor_19\03-02-05-02-01-02-19.wav,negatif,1
angry,strong,male,ravdess-emotional-speech-audio/Actor_19\03-02-05-02-02-01-19.wav,negatif,1
angry,strong,male,ravdess-emotional-speech-audio/Actor_19\03-02-05-02-02-02-19.wav,negatif,1
fear,normal,male,ravdess-emotional-speech-audio/Actor_19\03-02-06-01-01-01-19.wav,negatif,1
fear,normal,male,ravdess-emotional-speech-audio/Actor_19\03-02-06-01-01-02-19.wav,negatif,1
fear,normal,male,ravdess-emotional-speech-audio/Actor_19\03-02-06-01-02-01-19.wav,negatif,1
fear,normal,male,ravdess-emotional-speech-audio/Actor_19\03-02-06-01-02-02-19.wav,negatif,1
fear,strong,male,ravdess-emotional-speech-audio/Actor_19\03-02-06-02-01-01-19.wav,negatif,1
fear,strong,male,ravdess-emotional-speech-audio/Actor_19\03-02-06-02-01-02-19.wav,negatif,1
fear,strong,male,ravdess-emotional-speech-audio/Actor_19\03-02-06-02-02-01-19.wav,negatif,1
fear,strong,male,ravdess-emotional-speech-audio/Actor_19\03-02-06-02-02-02-19.wav,negatif,1
neutral,normal,female,ravdess-emotional-speech-audio/Actor_20\03-02-01-01-01-01-20.wav,neutral,0
neutral,normal,female,ravdess-emotional-speech-audio/Actor_20\03-02-01-01-01-02-20.wav,neutral,0
neutral,normal,female,ravdess-emotional-speech-audio/Actor_20\03-02-01-01-02-01-20.wav,neutral,0
neutral,normal,female,ravdess-emotional-speech-audio/Actor_20\03-02-01-01-02-02-20.wav,neutral,0
calm,normal,female,ravdess-emotional-speech-audio/Actor_20\03-02-02-01-01-01-20.wav,positif,2
calm,normal,female,ravdess-emotional-speech-audio/Actor_20\03-02-02-01-01-02-20.wav,positif,2
calm,normal,female,ravdess-emotional-speech-audio/Actor_20\03-02-02-01-02-01-20.wav,positif,2
calm,normal,female,ravdess-emotional-speech-audio/Actor_20\03-02-02-01-02-02-20.wav,positif,2
calm,strong,female,ravdess-emotional-speech-audio/Actor_20\03-02-02-02-01-01-20.wav,positif,2
calm,strong,female,ravdess-emotional-speech-audio/Actor_20\03-02-02-02-01-02-20.wav,positif,2
calm,strong,female,ravdess-emotional-speech-audio/Actor_20\03-02-02-02-02-01-20.wav,positif,2
calm,strong,female,ravdess-emotional-speech-audio/Actor_20\03-02-02-02-02-02-20.wav,positif,2
happy,normal,female,ravdess-emotional-speech-audio/Actor_20\03-02-03-01-01-01-20.wav,positif,2
happy,normal,female,ravdess-emotional-speech-audio/Actor_20\03-02-03-01-01-02-20.wav,positif,2
happy,normal,female,ravdess-emotional-speech-audio/Actor_20\03-02-03-01-02-01-20.wav,positif,2
happy,normal,female,ravdess-emotional-speech-audio/Actor_20\03-02-03-01-02-02-20.wav,positif,2
happy,strong,female,ravdess-emotional-speech-audio/Actor_20\03-02-03-02-01-01-20.wav,positif,2
happy,strong,female,ravdess-emotional-speech-audio/Actor_20\03-02-03-02-01-02-20.wav,positif,2
happy,strong,female,ravdess-emotional-speech-audio/Actor_20\03-02-03-02-02-01-20.wav,positif,2
happy,strong,female,ravdess-emotional-speech-audio/Actor_20\03-02-03-02-02-02-20.wav,positif,2
sad,normal,female,ravdess-emotional-speech-audio/Actor_20\03-02-04-01-01-01-20.wav,negatif,1
sad,normal,female,ravdess-emotional-speech-audio/Actor_20\03-02-04-01-01-02-20.wav,negatif,1
sad,normal,female,ravdess-emotional-speech-audio/Actor_20\03-02-04-01-02-01-20.wav,negatif,1
sad,normal,female,ravdess-emotional-speech-audio/Actor_20\03-02-04-01-02-02-20.wav,negatif,1
sad,strong,female,ravdess-emotional-speech-audio/Actor_20\03-02-04-02-01-01-20.wav,negatif,1
sad,strong,female,ravdess-emotional-speech-audio/Actor_20\03-02-04-02-01-02-20.wav,negatif,1
sad,strong,female,ravdess-emotional-speech-audio/Actor_20\03-02-04-02-02-01-20.wav,negatif,1
sad,strong,female,ravdess-emotional-speech-audio/Actor_20\03-02-04-02-02-02-20.wav,negatif,1
angry,normal,female,ravdess-emotional-speech-audio/Actor_20\03-02-05-01-01-01-20.wav,negatif,1
angry,normal,female,ravdess-emotional-speech-audio/Actor_20\03-02-05-01-01-02-20.wav,negatif,1
angry,normal,female,ravdess-emotional-speech-audio/Actor_20\03-02-05-01-02-01-20.wav,negatif,1
angry,normal,female,ravdess-emotional-speech-audio/Actor_20\03-02-05-01-02-02-20.wav,negatif,1
angry,strong,female,ravdess-emotional-speech-audio/Actor_20\03-02-05-02-01-01-20.wav,negatif,1
angry,strong,female,ravdess-emotional-speech-audio/Actor_20\03-02-05-02-01-02-20.wav,negatif,1
angry,strong,female,ravdess-emotional-speech-audio/Actor_20\03-02-05-02-02-01-20.wav,negatif,1
angry,strong,female,ravdess-emotional-speech-audio/Actor_20\03-02-05-02-02-02-20.wav,negatif,1
fear,normal,female,ravdess-emotional-speech-audio/Actor_20\03-02-06-01-01-01-20.wav,negatif,1
fear,normal,female,ravdess-emotional-speech-audio/Actor_20\03-02-06-01-01-02-20.wav,negatif,1
fear,normal,female,ravdess-emotional-speech-audio/Actor_20\03-02-06-01-02-01-20.wav,negatif,1
fear,normal,female,ravdess-emotional-speech-audio/Actor_20\03-02-06-01-02-02-20.wav,negatif,1
fear,strong,female,ravdess-emotional-speech-audio/Actor_20\03-02-06-02-01-01-20.wav,negatif,1
fear,strong,female,ravdess-emotional-speech-audio/Actor_20\03-02-06-02-01-02-20.wav,negatif,1
fear,strong,female,ravdess-emotional-speech-audio/Actor_20\03-02-06-02-02-01-20.wav,negatif,1
fear,strong,female,ravdess-emotional-speech-audio/Actor_20\03-02-06-02-02-02-20.wav,negatif,1
neutral,normal,male,ravdess-emotional-speech-audio/Actor_21\03-02-01-01-01-01-21.wav,neutral,0
neutral,normal,male,ravdess-emotional-speech-audio/Actor_21\03-02-01-01-01-02-21.wav,neutral,0
neutral,normal,male,ravdess-emotional-speech-audio/Actor_21\03-02-01-01-02-01-21.wav,neutral,0
neutral,normal,male,ravdess-emotional-speech-audio/Actor_21\03-02-01-01-02-02-21.wav,neutral,0
calm,normal,male,ravdess-emotional-speech-audio/Actor_21\03-02-02-01-01-01-21.wav,positif,2
calm,normal,male,ravdess-emotional-speech-audio/Actor_21\03-02-02-01-01-02-21.wav,positif,2
calm,normal,male,ravdess-emotional-speech-audio/Actor_21\03-02-02-01-02-01-21.wav,positif,2
calm,normal,male,ravdess-emotional-speech-audio/Actor_21\03-02-02-01-02-02-21.wav,positif,2
calm,strong,male,ravdess-emotional-speech-audio/Actor_21\03-02-02-02-01-01-21.wav,positif,2
calm,strong,male,ravdess-emotional-speech-audio/Actor_21\03-02-02-02-01-02-21.wav,positif,2
calm,strong,male,ravdess-emotional-speech-audio/Actor_21\03-02-02-02-02-01-21.wav,positif,2
calm,strong,male,ravdess-emotional-speech-audio/Actor_21\03-02-02-02-02-02-21.wav,positif,2
happy,normal,male,ravdess-emotional-speech-audio/Actor_21\03-02-03-01-01-01-21.wav,positif,2
happy,normal,male,ravdess-emotional-speech-audio/Actor_21\03-02-03-01-01-02-21.wav,positif,2
happy,normal,male,ravdess-emotional-speech-audio/Actor_21\03-02-03-01-02-01-21.wav,positif,2
happy,normal,male,ravdess-emotional-speech-audio/Actor_21\03-02-03-01-02-02-21.wav,positif,2
happy,strong,male,ravdess-emotional-speech-audio/Actor_21\03-02-03-02-01-01-21.wav,positif,2
happy,strong,male,ravdess-emotional-speech-audio/Actor_21\03-02-03-02-01-02-21.wav,positif,2
happy,strong,male,ravdess-emotional-speech-audio/Actor_21\03-02-03-02-02-01-21.wav,positif,2
happy,strong,male,ravdess-emotional-speech-audio/Actor_21\03-02-03-02-02-02-21.wav,positif,2
sad,normal,male,ravdess-emotional-speech-audio/Actor_21\03-02-04-01-01-01-21.wav,negatif,1
sad,normal,male,ravdess-emotional-speech-audio/Actor_21\03-02-04-01-01-02-21.wav,negatif,1
sad,normal,male,ravdess-emotional-speech-audio/Actor_21\03-02-04-01-02-01-21.wav,negatif,1
sad,normal,male,ravdess-emotional-speech-audio/Actor_21\03-02-04-01-02-02-21.wav,negatif,1
sad,strong,male,ravdess-emotional-speech-audio/Actor_21\03-02-04-02-01-01-21.wav,negatif,1
sad,strong,male,ravdess-emotional-speech-audio/Actor_21\03-02-04-02-01-02-21.wav,negatif,1
sad,strong,male,ravdess-emotional-speech-audio/Actor_21\03-02-04-02-02-01-21.wav,negatif,1
sad,strong,male,ravdess-emotional-speech-audio/Actor_21\03-02-04-02-02-02-21.wav,negatif,1
angry,normal,male,ravdess-emotional-speech-audio/Actor_21\03-02-05-01-01-01-21.wav,negatif,1
angry,normal,male,ravdess-emotional-speech-audio/Actor_21\03-02-05-01-01-02-21.wav,negatif,1
angry,normal,male,ravdess-emotional-speech-audio/Actor_21\03-02-05-01-02-01-21.wav,negatif,1
angry,normal,male,ravdess-emotional-speech-audio/Actor_21\03-02-05-01-02-02-21.wav,negatif,1
angry,strong,male,ravdess-emotional-speech-audio/Actor_21\03-02-05-02-01-01-21.wav,negatif,1
angry,strong,male,ravdess-emotional-speech-audio/Actor_21\03-02-05-02-01-02-21.wav,negatif,1
angry,strong,male,ravdess-emotional-speech-audio/Actor_21\03-02-05-02-02-01-21.wav,negatif,1
angry,strong,male,ravdess-emotional-speech-audio/Actor_21\03-02-05-02-02-02-21.wav,negatif,1
fear,normal,male,ravdess-emotional-speech-audio/Actor_21\03-02-06-01-01-01-21.wav,negatif,1
fear,normal,male,ravdess-emotional-speech-audio/Actor_21\03-02-06-01-01-02-21.wav,negatif,1
fear,normal,male,ravdess-emotional-speech-audio/Actor_21\03-02-06-01-02-01-21.wav,negatif,1
fear,normal,male,ravdess-emotional-speech-audio/Actor_21\03-02-06-01-02-02-21.wav,negatif,1
fear,strong,male,ravdess-emotional-speech-audio/Actor_21\03-02-06-02-01-01-21.wav,negatif,1
fear,strong,male,ravdess-emotional-speech-audio/Actor_21\03-02-06-02-01-02-21.wav,negatif,1
fear,strong,male,ravdess-emotional-speech-audio/Actor_21\03-02-06-02-02-01-21.wav,negatif,1
fear,strong,male,ravdess-emotional-speech-audio/Actor_21\03-02-06-02-02-02-21.wav,negatif,1
neutral,normal,female,ravdess-emotional-speech-audio/Actor_22\03-02-01-01-01-01-22.wav,neutral,0
neutral,normal,female,ravdess-emotional-speech-audio/Actor_22\03-02-01-01-01-02-22.wav,neutral,0
neutral,normal,female,ravdess-emotional-speech-audio/Actor_22\03-02-01-01-02-01-22.wav,neutral,0
neutral,normal,female,ravdess-emotional-speech-audio/Actor_22\03-02-01-01-02-02-22.wav,neutral,0
calm,normal,female,ravdess-emotional-speech-audio/Actor_22\03-02-02-01-01-01-22.wav,positif,2
calm,normal,female,ravdess-emotional-speech-audio/Actor_22\03-02-02-01-01-02-22.wav,positif,2
calm,normal,female,ravdess-emotional-speech-audio/Actor_22\03-02-02-01-02-01-22.wav,positif,2
calm,normal,female,ravdess-emotional-speech-audio/Actor_22\03-02-02-01-02-02-22.wav,positif,2
calm,strong,female,ravdess-emotional-speech-audio/Actor_22\03-02-02-02-01-01-22.wav,positif,2
calm,strong,female,ravdess-emotional-speech-audio/Actor_22\03-02-02-02-01-02-22.wav,positif,2
calm,strong,female,ravdess-emotional-speech-audio/Actor_22\03-02-02-02-02-01-22.wav,positif,2
calm,strong,female,ravdess-emotional-speech-audio/Actor_22\03-02-02-02-02-02-22.wav,positif,2
happy,normal,female,ravdess-emotional-speech-audio/Actor_22\03-02-03-01-01-01-22.wav,positif,2
happy,normal,female,ravdess-emotional-speech-audio/Actor_22\03-02-03-01-01-02-22.wav,positif,2
happy,normal,female,ravdess-emotional-speech-audio/Actor_22\03-02-03-01-02-01-22.wav,positif,2
happy,normal,female,ravdess-emotional-speech-audio/Actor_22\03-02-03-01-02-02-22.wav,positif,2
happy,strong,female,ravdess-emotional-speech-audio/Actor_22\03-02-03-02-01-01-22.wav,positif,2
happy,strong,female,ravdess-emotional-speech-audio/Actor_22\03-02-03-02-01-02-22.wav,positif,2
happy,strong,female,ravdess-emotional-speech-audio/Actor_22\03-02-03-02-02-01-22.wav,positif,2
happy,strong,female,ravdess-emotional-speech-audio/Actor_22\03-02-03-02-02-02-22.wav,positif,2
sad,normal,female,ravdess-emotional-speech-audio/Actor_22\03-02-04-01-01-01-22.wav,negatif,1
sad,normal,female,ravdess-emotional-speech-audio/Actor_22\03-02-04-01-01-02-22.wav,negatif,1
sad,normal,female,ravdess-emotional-speech-audio/Actor_22\03-02-04-01-02-01-22.wav,negatif,1
sad,normal,female,ravdess-emotional-speech-audio/Actor_22\03-02-04-01-02-02-22.wav,negatif,1
sad,strong,female,ravdess-emotional-speech-audio/Actor_22\03-02-04-02-01-01-22.wav,negatif,1
sad,strong,female,ravdess-emotional-speech-audio/Actor_22\03-02-04-02-01-02-22.wav,negatif,1
sad,strong,female,ravdess-emotional-speech-audio/Actor_22\03-02-04-02-02-01-22.wav,negatif,1
sad,strong,female,ravdess-emotional-speech-audio/Actor_22\03-02-04-02-02-02-22.wav,negatif,1
angry,normal,female,ravdess-emotional-speech-audio/Actor_22\03-02-05-01-01-01-22.wav,negatif,1
angry,normal,female,ravdess-emotional-speech-audio/Actor_22\03-02-05-01-01-02-22.wav,negatif,1
angry,normal,female,ravdess-emotional-speech-audio/Actor_22\03-02-05-01-02-01-22.wav,negatif,1
angry,normal,female,ravdess-emotional-speech-audio/Actor_22\03-02-05-01-02-02-22.wav,negatif,1
angry,strong,female,ravdess-emotional-speech-audio/Actor_22\03-02-05-02-01-01-22.wav,negatif,1
angry,strong,female,ravdess-emotional-speech-audio/Actor_22\03-02-05-02-01-02-22.wav,negatif,1
angry,strong,female,ravdess-emotional-speech-audio/Actor_22\03-02-05-02-02-01-22.wav,negatif,1
angry,strong,female,ravdess-emotional-speech-audio/Actor_22\03-02-05-02-02-02-22.wav,negatif,1
fear,normal,female,ravdess-emotional-speech-audio/Actor_22\03-02-06-01-01-01-22.wav,negatif,1
fear,normal,female,ravdess-emotional-speech-audio/Actor_22\03-02-06-01-01-02-22.wav,negatif,1
fear,normal,female,ravdess-emotional-speech-audio/Actor_22\03-02-06-01-02-01-22.wav,negatif,1
fear,normal,female,ravdess-emotional-speech-audio/Actor_22\03-02-06-01-02-02-22.wav,negatif,1
fear,strong,female,ravdess-emotional-speech-audio/Actor_22\03-02-06-02-01-01-22.wav,negatif,1
fear,strong,female,ravdess-emotional-speech-audio/Actor_22\03-02-06-02-01-02-22.wav,negatif,1
fear,strong,female,ravdess-emotional-speech-audio/Actor_22\03-02-06-02-02-01-22.wav,negatif,1
fear,strong,female,ravdess-emotional-speech-audio/Actor_22\03-02-06-02-02-02-22.wav,negatif,1
neutral,normal,male,ravdess-emotional-speech-audio/Actor_23\03-02-01-01-01-01-23.wav,neutral,0
neutral,normal,male,ravdess-emotional-speech-audio/Actor_23\03-02-01-01-01-02-23.wav,neutral,0
neutral,normal,male,ravdess-emotional-speech-audio/Actor_23\03-02-01-01-02-01-23.wav,neutral,0
neutral,normal,male,ravdess-emotional-speech-audio/Actor_23\03-02-01-01-02-02-23.wav,neutral,0
calm,normal,male,ravdess-emotional-speech-audio/Actor_23\03-02-02-01-01-01-23.wav,positif,2
calm,normal,male,ravdess-emotional-speech-audio/Actor_23\03-02-02-01-01-02-23.wav,positif,2
calm,normal,male,ravdess-emotional-speech-audio/Actor_23\03-02-02-01-02-01-23.wav,positif,2
calm,normal,male,ravdess-emotional-speech-audio/Actor_23\03-02-02-01-02-02-23.wav,positif,2
calm,strong,male,ravdess-emotional-speech-audio/Actor_23\03-02-02-02-01-01-23.wav,positif,2
calm,strong,male,ravdess-emotional-speech-audio/Actor_23\03-02-02-02-01-02-23.wav,positif,2
calm,strong,male,ravdess-emotional-speech-audio/Actor_23\03-02-02-02-02-01-23.wav,positif,2
calm,strong,male,ravdess-emotional-speech-audio/Actor_23\03-02-02-02-02-02-23.wav,positif,2
happy,normal,male,ravdess-emotional-speech-audio/Actor_23\03-02-03-01-01-01-23.wav,positif,2
happy,normal,male,ravdess-emotional-speech-audio/Actor_23\03-02-03-01-01-02-23.wav,positif,2
happy,normal,male,ravdess-emotional-speech-audio/Actor_23\03-02-03-01-02-01-23.wav,positif,2
happy,normal,male,ravdess-emotional-speech-audio/Actor_23\03-02-03-01-02-02-23.wav,positif,2
happy,strong,male,ravdess-emotional-speech-audio/Actor_23\03-02-03-02-01-01-23.wav,positif,2
happy,strong,male,ravdess-emotional-speech-audio/Actor_23\03-02-03-02-01-02-23.wav,positif,2
happy,strong,male,ravdess-emotional-speech-audio/Actor_23\03-02-03-02-02-01-23.wav,positif,2
happy,strong,male,ravdess-emotional-speech-audio/Actor_23\03-02-03-02-02-02-23.wav,positif,2
sad,normal,male,ravdess-emotional-speech-audio/Actor_23\03-02-04-01-01-01-23.wav,negatif,1
sad,normal,male,ravdess-emotional-speech-audio/Actor_23\03-02-04-01-01-02-23.wav,negatif,1
sad,normal,male,ravdess-emotional-speech-audio/Actor_23\03-02-04-01-02-01-23.wav,negatif,1
sad,normal,male,ravdess-emotional-speech-audio/Actor_23\03-02-04-01-02-02-23.wav,negatif,1
sad,strong,male,ravdess-emotional-speech-audio/Actor_23\03-02-04-02-01-01-23.wav,negatif,1
sad,strong,male,ravdess-emotional-speech-audio/Actor_23\03-02-04-02-01-02-23.wav,negatif,1
sad,strong,male,ravdess-emotional-speech-audio/Actor_23\03-02-04-02-02-01-23.wav,negatif,1
sad,strong,male,ravdess-emotional-speech-audio/Actor_23\03-02-04-02-02-02-23.wav,negatif,1
angry,normal,male,ravdess-emotional-speech-audio/Actor_23\03-02-05-01-01-01-23.wav,negatif,1
angry,normal,male,ravdess-emotional-speech-audio/Actor_23\03-02-05-01-01-02-23.wav,negatif,1
angry,normal,male,ravdess-emotional-speech-audio/Actor_23\03-02-05-01-02-01-23.wav,negatif,1
angry,normal,male,ravdess-emotional-speech-audio/Actor_23\03-02-05-01-02-02-23.wav,negatif,1
angry,strong,male,ravdess-emotional-speech-audio/Actor_23\03-02-05-02-01-01-23.wav,negatif,1
angry,strong,male,ravdess-emotional-speech-audio/Actor_23\03-02-05-02-01-02-23.wav,negatif,1
angry,strong,male,ravdess-emotional-speech-audio/Actor_23\03-02-05-02-02-01-23.wav,negatif,1
angry,strong,male,ravdess-emotional-speech-audio/Actor_23\03-02-05-02-02-02-23.wav,negatif,1
fear,normal,male,ravdess-emotional-speech-audio/Actor_23\03-02-06-01-01-01-23.wav,negatif,1
fear,normal,male,ravdess-emotional-speech-audio/Actor_23\03-02-06-01-01-02-23.wav,negatif,1
fear,normal,male,ravdess-emotional-speech-audio/Actor_23\03-02-06-01-02-01-23.wav,negatif,1
fear,normal,male,ravdess-emotional-speech-audio/Actor_23\03-02-06-01-02-02-23.wav,negatif,1
fear,strong,male,ravdess-emotional-speech-audio/Actor_23\03-02-06-02-01-01-23.wav,negatif,1
fear,strong,male,ravdess-emotional-speech-audio/Actor_23\03-02-06-02-01-02-23.wav,negatif,1
fear,strong,male,ravdess-emotional-speech-audio/Actor_23\03-02-06-02-02-01-23.wav,negatif,1
fear,strong,male,ravdess-emotional-speech-audio/Actor_23\03-02-06-02-02-02-23.wav,negatif,1
neutral,normal,female,ravdess-emotional-speech-audio/Actor_24\03-02-01-01-01-01-24.wav,neutral,0
neutral,normal,female,ravdess-emotional-speech-audio/Actor_24\03-02-01-01-01-02-24.wav,neutral,0
neutral,normal,female,ravdess-emotional-speech-audio/Actor_24\03-02-01-01-02-01-24.wav,neutral,0
neutral,normal,female,ravdess-emotional-speech-audio/Actor_24\03-02-01-01-02-02-24.wav,neutral,0
calm,normal,female,ravdess-emotional-speech-audio/Actor_24\03-02-02-01-01-01-24.wav,positif,2
calm,normal,female,ravdess-emotional-speech-audio/Actor_24\03-02-02-01-01-02-24.wav,positif,2
calm,normal,female,ravdess-emotional-speech-audio/Actor_24\03-02-02-01-02-01-24.wav,positif,2
calm,normal,female,ravdess-emotional-speech-audio/Actor_24\03-02-02-01-02-02-24.wav,positif,2
calm,strong,female,ravdess-emotional-speech-audio/Actor_24\03-02-02-02-01-01-24.wav,positif,2
calm,strong,female,ravdess-emotional-speech-audio/Actor_24\03-02-02-02-01-02-24.wav,positif,2
calm,strong,female,ravdess-emotional-speech-audio/Actor_24\03-02-02-02-02-01-24.wav,positif,2
calm,strong,female,ravdess-emotional-speech-audio/Actor_24\03-02-02-02-02-02-24.wav,positif,2
happy,normal,female,ravdess-emotional-speech-audio/Actor_24\03-02-03-01-01-01-24.wav,positif,2
happy,normal,female,ravdess-emotional-speech-audio/Actor_24\03-02-03-01-01-02-24.wav,positif,2
happy,normal,female,ravdess-emotional-speech-audio/Actor_24\03-02-03-01-02-01-24.wav,positif,2
happy,normal,female,ravdess-emotional-speech-audio/Actor_24\03-02-03-01-02-02-24.wav,positif,2
happy,strong,female,ravdess-emotional-speech-audio/Actor_24\03-02-03-02-01-01-24.wav,positif,2
happy,strong,female,ravdess-emotional-speech-audio/Actor_24\03-02-03-02-01-02-24.wav,positif,2
happy,strong,female,ravdess-emotional-speech-audio/Actor_24\03-02-03-02-02-01-24.wav,positif,2
happy,strong,female,ravdess-emotional-speech-audio/Actor_24\03-02-03-02-02-02-24.wav,positif,2
sad,normal,female,ravdess-emotional-speech-audio/Actor_24\03-02-04-01-01-01-24.wav,negatif,1
sad,normal,female,ravdess-emotional-speech-audio/Actor_24\03-02-04-01-01-02-24.wav,negatif,1
sad,normal,female,ravdess-emotional-speech-audio/Actor_24\03-02-04-01-02-01-24.wav,negatif,1
sad,normal,female,ravdess-emotional-speech-audio/Actor_24\03-02-04-01-02-02-24.wav,negatif,1
sad,strong,female,ravdess-emotional-speech-audio/Actor_24\03-02-04-02-01-01-24.wav,negatif,1
sad,strong,female,ravdess-emotional-speech-audio/Actor_24\03-02-04-02-01-02-24.wav,negatif,1
sad,strong,female,ravdess-emotional-speech-audio/Actor_24\03-02-04-02-02-01-24.wav,negatif,1
sad,strong,female,ravdess-emotional-speech-audio/Actor_24\03-02-04-02-02-02-24.wav,negatif,1
angry,normal,female,ravdess-emotional-speech-audio/Actor_24\03-02-05-01-01-01-24.wav,negatif,1
angry,normal,female,ravdess-emotional-speech-audio/Actor_24\03-02-05-01-01-02-24.wav,negatif,1
angry,normal,female,ravdess-emotional-speech-audio/Actor_24\03-02-05-01-02-01-24.wav,negatif,1
angry,normal,female,ravdess-emotional-speech-audio/Actor_24\03-02-05-01-02-02-24.wav,negatif,1
angry,strong,female,ravdess-emotional-speech-audio/Actor_24\03-02-05-02-01-01-24.wav,negatif,1
angry,strong,female,ravdess-emotional-speech-audio/Actor_24\03-02-05-02-01-02-24.wav,negatif,1
angry,strong,female,ravdess-emotional-speech-audio/Actor_24\03-02-05-02-02-01-24.wav,negatif,1
angry,strong,female,ravdess-emotional-speech-audio/Actor_24\03-02-05-02-02-02-24.wav,negatif,1
fear,normal,female,ravdess-emotional-speech-audio/Actor_24\03-02-06-01-01-01-24.wav,negatif,1
fear,normal,female,ravdess-emotional-speech-audio/Actor_24\03-02-06-01-01-02-24.wav,negatif,1
fear,normal,female,ravdess-emotional-speech-audio/Actor_24\03-02-06-01-02-01-24.wav,negatif,1
fear,normal,female,ravdess-emotional-speech-audio/Actor_24\03-02-06-01-02-02-24.wav,negatif,1
fear,strong,female,ravdess-emotional-speech-audio/Actor_24\03-02-06-02-01-01-24.wav,negatif,1
fear,strong,female,ravdess-emotional-speech-audio/Actor_24\03-02-06-02-01-02-24.wav,negatif,1
fear,strong,female,ravdess-emotional-speech-audio/Actor_24\03-02-06-02-02-01-24.wav,negatif,1
fear,strong,female,ravdess-emotional-speech-audio/Actor_24\03-02-06-02-02-02-24.wav,negatif,1
